-- Generated fake reviews for weed.cz
-- Run this in Supabase SQL Editor

-- Insert fake users
INSERT INTO public.users (id, email, display_name, role, trust_score, created_at) VALUES
('7dbdbd71-1f79-47fc-baed-b25d1406e02f', 'michaela.hájek988@email.cz', 'Michaela H.', 'user', 0.75, NOW() - INTERVAL '213 days')
ON CONFLICT (id) DO NOTHING;

INSERT INTO public.users (id, email, display_name, role, trust_score, created_at) VALUES
('626adc6d-746a-49a2-a913-a449c0c9d726', 'lukáš.hájek18@email.cz', 'Lukáš H.', 'user', 0.75, NOW() - INTERVAL '283 days')
ON CONFLICT (id) DO NOTHING;

INSERT INTO public.users (id, email, display_name, role, trust_score, created_at) VALUES
('abeeae2f-3a39-4951-99b3-6767caac1bbb', 'anna.horák194@email.cz', 'Anna H.', 'user', 0.75, NOW() - INTERVAL '249 days')
ON CONFLICT (id) DO NOTHING;

INSERT INTO public.users (id, email, display_name, role, trust_score, created_at) VALUES
('38e00617-0f3d-4eb2-8b84-727bf850b212', 'jakub.novotný44@email.cz', 'Jakub N.', 'user', 0.75, NOW() - INTERVAL '91 days')
ON CONFLICT (id) DO NOTHING;

INSERT INTO public.users (id, email, display_name, role, trust_score, created_at) VALUES
('307efb18-d68c-4c1a-9979-f1775d8703ac', 'marek.růžička823@email.cz', 'Marek R.', 'user', 0.75, NOW() - INTERVAL '364 days')
ON CONFLICT (id) DO NOTHING;

INSERT INTO public.users (id, email, display_name, role, trust_score, created_at) VALUES
('0aaa6db9-48f4-46fd-85a5-7b9b8bbd6b74', 'monika.horák728@email.cz', 'Monika H.', 'user', 0.75, NOW() - INTERVAL '238 days')
ON CONFLICT (id) DO NOTHING;

INSERT INTO public.users (id, email, display_name, role, trust_score, created_at) VALUES
('3be1a5f3-6d97-4526-a11a-67e63e3db644', 'petr.beneš289@email.cz', 'Petr B.', 'user', 0.75, NOW() - INTERVAL '240 days')
ON CONFLICT (id) DO NOTHING;

INSERT INTO public.users (id, email, display_name, role, trust_score, created_at) VALUES
('36ffed29-5470-4d61-aa05-1b000f9a1c54', 'lucie.novák140@email.cz', 'Lucie N.', 'user', 0.75, NOW() - INTERVAL '204 days')
ON CONFLICT (id) DO NOTHING;

INSERT INTO public.users (id, email, display_name, role, trust_score, created_at) VALUES
('e7d32872-793e-4eb9-a5ef-28dbbdb4b478', 'filip.urban759@email.cz', 'Filip U.', 'user', 0.75, NOW() - INTERVAL '307 days')
ON CONFLICT (id) DO NOTHING;

INSERT INTO public.users (id, email, display_name, role, trust_score, created_at) VALUES
('0cc7f14f-71fb-41ab-ae3d-1836703e379c', 'adam.novotný745@email.cz', 'Adam N.', 'user', 0.75, NOW() - INTERVAL '237 days')
ON CONFLICT (id) DO NOTHING;

INSERT INTO public.users (id, email, display_name, role, trust_score, created_at) VALUES
('3fd1cec4-2439-4c19-8302-866a5894e82d', 'markéta.král317@email.cz', 'Markéta K.', 'user', 0.75, NOW() - INTERVAL '165 days')
ON CONFLICT (id) DO NOTHING;

INSERT INTO public.users (id, email, display_name, role, trust_score, created_at) VALUES
('d44ca2cd-d26f-4242-9ed5-41305e11dac2', 'markéta.navrátil186@email.cz', 'Markéta N.', 'user', 0.75, NOW() - INTERVAL '250 days')
ON CONFLICT (id) DO NOTHING;

INSERT INTO public.users (id, email, display_name, role, trust_score, created_at) VALUES
('ac77fa5f-4ba2-4d9b-8e60-7461e639a870', 'anna.doležal369@email.cz', 'Anna D.', 'user', 0.75, NOW() - INTERVAL '183 days')
ON CONFLICT (id) DO NOTHING;

INSERT INTO public.users (id, email, display_name, role, trust_score, created_at) VALUES
('755992d8-da85-48b5-bdb4-6353ba734ae1', 'pavel.černý980@email.cz', 'Pavel Č.', 'user', 0.75, NOW() - INTERVAL '355 days')
ON CONFLICT (id) DO NOTHING;

INSERT INTO public.users (id, email, display_name, role, trust_score, created_at) VALUES
('31ec641b-0b48-4efc-89ae-f0a5bdd63a71', 'ondřej.kovář430@email.cz', 'Ondřej K.', 'user', 0.75, NOW() - INTERVAL '59 days')
ON CONFLICT (id) DO NOTHING;

INSERT INTO public.users (id, email, display_name, role, trust_score, created_at) VALUES
('7355dfba-4106-49fc-aa2a-8dcad02f439d', 'anna.kovář681@email.cz', 'Anna K.', 'user', 0.75, NOW() - INTERVAL '117 days')
ON CONFLICT (id) DO NOTHING;

INSERT INTO public.users (id, email, display_name, role, trust_score, created_at) VALUES
('657871f4-c652-41cc-82f9-43819f406239', 'simona.zeman71@email.cz', 'Simona Z.', 'user', 0.75, NOW() - INTERVAL '224 days')
ON CONFLICT (id) DO NOTHING;

INSERT INTO public.users (id, email, display_name, role, trust_score, created_at) VALUES
('72d48fab-7784-4edb-8c47-72c6e863a0cb', 'jakub.kříž196@email.cz', 'Jakub K.', 'user', 0.75, NOW() - INTERVAL '354 days')
ON CONFLICT (id) DO NOTHING;

INSERT INTO public.users (id, email, display_name, role, trust_score, created_at) VALUES
('9a641acb-f78b-4f20-9a5d-e68333baa196', 'roman.růžička783@email.cz', 'Roman R.', 'user', 0.75, NOW() - INTERVAL '125 days')
ON CONFLICT (id) DO NOTHING;

INSERT INTO public.users (id, email, display_name, role, trust_score, created_at) VALUES
('b176a958-98b1-41c3-9677-3740140ac45a', 'daniel.marek867@email.cz', 'Daniel M.', 'user', 0.75, NOW() - INTERVAL '227 days')
ON CONFLICT (id) DO NOTHING;

INSERT INTO public.users (id, email, display_name, role, trust_score, created_at) VALUES
('15d4bba5-864c-4f61-b202-c9b3e7ab6b66', 'michal.kovář3@email.cz', 'Michal K.', 'user', 0.75, NOW() - INTERVAL '208 days')
ON CONFLICT (id) DO NOTHING;

INSERT INTO public.users (id, email, display_name, role, trust_score, created_at) VALUES
('d4bdff34-c7be-4308-9b20-5e59950c4c20', 'vojtěch.vaněk166@email.cz', 'Vojtěch V.', 'user', 0.75, NOW() - INTERVAL '152 days')
ON CONFLICT (id) DO NOTHING;

INSERT INTO public.users (id, email, display_name, role, trust_score, created_at) VALUES
('76dd0c21-e9f8-41aa-a88f-1668d591ceea', 'monika.kříž165@email.cz', 'Monika K.', 'user', 0.75, NOW() - INTERVAL '175 days')
ON CONFLICT (id) DO NOTHING;

INSERT INTO public.users (id, email, display_name, role, trust_score, created_at) VALUES
('146c5620-4f9d-465e-a3d3-a63a7df60a85', 'filip.vaněk980@email.cz', 'Filip V.', 'user', 0.75, NOW() - INTERVAL '188 days')
ON CONFLICT (id) DO NOTHING;

INSERT INTO public.users (id, email, display_name, role, trust_score, created_at) VALUES
('70ff41f6-633e-402a-a0e8-19c96b8f95e4', 'tomáš.dvořák79@email.cz', 'Tomáš D.', 'user', 0.75, NOW() - INTERVAL '245 days')
ON CONFLICT (id) DO NOTHING;

INSERT INTO public.users (id, email, display_name, role, trust_score, created_at) VALUES
('3a34bbdc-ab58-400f-8a10-4e26f8ccb0e6', 'markéta.blažek541@email.cz', 'Markéta B.', 'user', 0.75, NOW() - INTERVAL '283 days')
ON CONFLICT (id) DO NOTHING;

INSERT INTO public.users (id, email, display_name, role, trust_score, created_at) VALUES
('e27d2047-db06-4dc3-8622-ed96b2cebb10', 'michaela.doležal59@email.cz', 'Michaela D.', 'user', 0.75, NOW() - INTERVAL '120 days')
ON CONFLICT (id) DO NOTHING;

INSERT INTO public.users (id, email, display_name, role, trust_score, created_at) VALUES
('dafdcccb-24c0-407c-b831-5f98d83d4666', 'michal.němec423@email.cz', 'Michal N.', 'user', 0.75, NOW() - INTERVAL '186 days')
ON CONFLICT (id) DO NOTHING;

INSERT INTO public.users (id, email, display_name, role, trust_score, created_at) VALUES
('34658c95-5dde-41ec-91af-21dacd6a2b34', 'anna.svoboda589@email.cz', 'Anna S.', 'user', 0.75, NOW() - INTERVAL '169 days')
ON CONFLICT (id) DO NOTHING;

INSERT INTO public.users (id, email, display_name, role, trust_score, created_at) VALUES
('f1104fe4-da97-438b-a7c2-5ca9df3b001d', 'adam.němec869@email.cz', 'Adam N.', 'user', 0.75, NOW() - INTERVAL '70 days')
ON CONFLICT (id) DO NOTHING;

INSERT INTO public.users (id, email, display_name, role, trust_score, created_at) VALUES
('797ee5b8-0e29-442e-ae42-f3c0332456f5', 'jan.novák412@email.cz', 'Jan N.', 'user', 0.75, NOW() - INTERVAL '132 days')
ON CONFLICT (id) DO NOTHING;

INSERT INTO public.users (id, email, display_name, role, trust_score, created_at) VALUES
('c4d04795-2777-4179-af9f-0b3de2cf4d98', 'anna.procházka470@email.cz', 'Anna P.', 'user', 0.75, NOW() - INTERVAL '119 days')
ON CONFLICT (id) DO NOTHING;

INSERT INTO public.users (id, email, display_name, role, trust_score, created_at) VALUES
('7f373e8d-1f74-4e90-83c2-b6f7ff22a8c2', 'barbora.růžička16@email.cz', 'Barbora R.', 'user', 0.75, NOW() - INTERVAL '73 days')
ON CONFLICT (id) DO NOTHING;

INSERT INTO public.users (id, email, display_name, role, trust_score, created_at) VALUES
('0d39229f-aec2-48cb-a83a-dd38ee4cc2e9', 'jakub.beneš152@email.cz', 'Jakub B.', 'user', 0.75, NOW() - INTERVAL '206 days')
ON CONFLICT (id) DO NOTHING;

INSERT INTO public.users (id, email, display_name, role, trust_score, created_at) VALUES
('209138d4-14b6-493b-a3b0-fee932bd69bd', 'radek.černý894@email.cz', 'Radek Č.', 'user', 0.75, NOW() - INTERVAL '307 days')
ON CONFLICT (id) DO NOTHING;

INSERT INTO public.users (id, email, display_name, role, trust_score, created_at) VALUES
('df12f14c-aa80-49a2-987b-bfa4c026b3f5', 'jan.jelínek878@email.cz', 'Jan J.', 'user', 0.75, NOW() - INTERVAL '166 days')
ON CONFLICT (id) DO NOTHING;

INSERT INTO public.users (id, email, display_name, role, trust_score, created_at) VALUES
('570ee7b8-c6c9-4b6a-8620-b8d61feb826d', 'jan.blažek550@email.cz', 'Jan B.', 'user', 0.75, NOW() - INTERVAL '364 days')
ON CONFLICT (id) DO NOTHING;

INSERT INTO public.users (id, email, display_name, role, trust_score, created_at) VALUES
('e81e1694-2886-4d2f-af4c-93fbe9b7e1a1', 'anna.procházka155@email.cz', 'Anna P.', 'user', 0.75, NOW() - INTERVAL '173 days')
ON CONFLICT (id) DO NOTHING;

INSERT INTO public.users (id, email, display_name, role, trust_score, created_at) VALUES
('d534f0ae-05f6-4d26-b955-07609c1fe1fe', 'tomáš.zeman564@email.cz', 'Tomáš Z.', 'user', 0.75, NOW() - INTERVAL '86 days')
ON CONFLICT (id) DO NOTHING;

INSERT INTO public.users (id, email, display_name, role, trust_score, created_at) VALUES
('2acb1361-3b9d-43e0-b9be-16fe29c12270', 'martin.kučera77@email.cz', 'Martin K.', 'user', 0.75, NOW() - INTERVAL '211 days')
ON CONFLICT (id) DO NOTHING;

INSERT INTO public.users (id, email, display_name, role, trust_score, created_at) VALUES
('3b37d898-f77b-42f4-baf8-62fd5155cb83', 'andrea.čermák899@email.cz', 'Andrea Č.', 'user', 0.75, NOW() - INTERVAL '124 days')
ON CONFLICT (id) DO NOTHING;

INSERT INTO public.users (id, email, display_name, role, trust_score, created_at) VALUES
('b957fb49-046b-4962-bf32-0fa45dc4f9c8', 'jana.pokorný16@email.cz', 'Jana P.', 'user', 0.75, NOW() - INTERVAL '168 days')
ON CONFLICT (id) DO NOTHING;

INSERT INTO public.users (id, email, display_name, role, trust_score, created_at) VALUES
('8b3dbd34-1c24-4655-9f92-41b4b27050b2', 'lenka.kučera945@email.cz', 'Lenka K.', 'user', 0.75, NOW() - INTERVAL '74 days')
ON CONFLICT (id) DO NOTHING;

INSERT INTO public.users (id, email, display_name, role, trust_score, created_at) VALUES
('5b89518c-8b67-403c-a4d6-0ebdd2452d37', 'kateřina.růžička437@email.cz', 'Kateřina R.', 'user', 0.75, NOW() - INTERVAL '136 days')
ON CONFLICT (id) DO NOTHING;

INSERT INTO public.users (id, email, display_name, role, trust_score, created_at) VALUES
('88921c52-515b-4542-927d-8430ed70a042', 'lenka.kříž844@email.cz', 'Lenka K.', 'user', 0.75, NOW() - INTERVAL '346 days')
ON CONFLICT (id) DO NOTHING;

INSERT INTO public.users (id, email, display_name, role, trust_score, created_at) VALUES
('00ef8bbc-0e98-46d0-8453-8af2e0beb036', 'roman.růžička606@email.cz', 'Roman R.', 'user', 0.75, NOW() - INTERVAL '247 days')
ON CONFLICT (id) DO NOTHING;

INSERT INTO public.users (id, email, display_name, role, trust_score, created_at) VALUES
('1a4c08a6-5cbb-4ba5-90ce-e011c493d0ea', 'lucie.svoboda397@email.cz', 'Lucie S.', 'user', 0.75, NOW() - INTERVAL '302 days')
ON CONFLICT (id) DO NOTHING;

INSERT INTO public.users (id, email, display_name, role, trust_score, created_at) VALUES
('2509d98e-21b2-4bb1-b388-6fe4be9986d5', 'andrea.kučera706@email.cz', 'Andrea K.', 'user', 0.75, NOW() - INTERVAL '306 days')
ON CONFLICT (id) DO NOTHING;

INSERT INTO public.users (id, email, display_name, role, trust_score, created_at) VALUES
('353c0363-dfe3-4ec1-b4fd-8a3838521347', 'barbora.doležal367@email.cz', 'Barbora D.', 'user', 0.75, NOW() - INTERVAL '332 days')
ON CONFLICT (id) DO NOTHING;

INSERT INTO public.users (id, email, display_name, role, trust_score, created_at) VALUES
('3a74829b-7202-49ed-827b-73c32d19aaf6', 'petra.černý343@email.cz', 'Petra Č.', 'user', 0.75, NOW() - INTERVAL '256 days')
ON CONFLICT (id) DO NOTHING;

INSERT INTO public.users (id, email, display_name, role, trust_score, created_at) VALUES
('fe3785ce-d6a5-420d-b28c-19f5f6cf4545', 'jakub.urban496@email.cz', 'Jakub U.', 'user', 0.75, NOW() - INTERVAL '120 days')
ON CONFLICT (id) DO NOTHING;

INSERT INTO public.users (id, email, display_name, role, trust_score, created_at) VALUES
('78944834-dbfa-47d6-ab2c-998f7bcf7c54', 'daniel.pospíšil84@email.cz', 'Daniel P.', 'user', 0.75, NOW() - INTERVAL '198 days')
ON CONFLICT (id) DO NOTHING;

INSERT INTO public.users (id, email, display_name, role, trust_score, created_at) VALUES
('fb2663a7-475b-4464-a854-3f3308c5455f', 'tomáš.beneš587@email.cz', 'Tomáš B.', 'user', 0.75, NOW() - INTERVAL '186 days')
ON CONFLICT (id) DO NOTHING;

INSERT INTO public.users (id, email, display_name, role, trust_score, created_at) VALUES
('a27ce7ff-13f0-412e-8647-6db6439c63af', 'markéta.beneš732@email.cz', 'Markéta B.', 'user', 0.75, NOW() - INTERVAL '111 days')
ON CONFLICT (id) DO NOTHING;

INSERT INTO public.users (id, email, display_name, role, trust_score, created_at) VALUES
('5f1542a6-67fd-4343-a2b3-6af158eca5a7', 'filip.veselý896@email.cz', 'Filip V.', 'user', 0.75, NOW() - INTERVAL '328 days')
ON CONFLICT (id) DO NOTHING;

INSERT INTO public.users (id, email, display_name, role, trust_score, created_at) VALUES
('5e2e33b0-5d0f-4821-b6a6-8e6beead2f6f', 'pavel.kříž699@email.cz', 'Pavel K.', 'user', 0.75, NOW() - INTERVAL '102 days')
ON CONFLICT (id) DO NOTHING;

INSERT INTO public.users (id, email, display_name, role, trust_score, created_at) VALUES
('926566c6-bf6f-4ffe-9375-4c4687586fe0', 'lenka.fiala196@email.cz', 'Lenka F.', 'user', 0.75, NOW() - INTERVAL '262 days')
ON CONFLICT (id) DO NOTHING;

INSERT INTO public.users (id, email, display_name, role, trust_score, created_at) VALUES
('00960f04-1a24-4ce2-bb5f-20f962e33c94', 'markéta.doležal771@email.cz', 'Markéta D.', 'user', 0.75, NOW() - INTERVAL '154 days')
ON CONFLICT (id) DO NOTHING;

INSERT INTO public.users (id, email, display_name, role, trust_score, created_at) VALUES
('af4c909d-1087-4e16-a4ab-8a2e53c11277', 'petr.kovář685@email.cz', 'Petr K.', 'user', 0.75, NOW() - INTERVAL '89 days')
ON CONFLICT (id) DO NOTHING;

INSERT INTO public.users (id, email, display_name, role, trust_score, created_at) VALUES
('db412945-befe-4b2e-96f2-b7942aa015f4', 'monika.kolář167@email.cz', 'Monika K.', 'user', 0.75, NOW() - INTERVAL '227 days')
ON CONFLICT (id) DO NOTHING;

INSERT INTO public.users (id, email, display_name, role, trust_score, created_at) VALUES
('cccee849-121e-4926-8c3a-f5d4e80c5d27', 'michaela.navrátil748@email.cz', 'Michaela N.', 'user', 0.75, NOW() - INTERVAL '288 days')
ON CONFLICT (id) DO NOTHING;

INSERT INTO public.users (id, email, display_name, role, trust_score, created_at) VALUES
('6385d114-36ed-42af-8127-27d9cda4318d', 'martin.novotný427@email.cz', 'Martin N.', 'user', 0.75, NOW() - INTERVAL '58 days')
ON CONFLICT (id) DO NOTHING;

INSERT INTO public.users (id, email, display_name, role, trust_score, created_at) VALUES
('bb3a4aa1-e198-4719-a2e3-5c439d3ba597', 'kristýna.kříž413@email.cz', 'Kristýna K.', 'user', 0.75, NOW() - INTERVAL '351 days')
ON CONFLICT (id) DO NOTHING;

INSERT INTO public.users (id, email, display_name, role, trust_score, created_at) VALUES
('d4efd157-ce88-412e-abf1-6cef776abb1f', 'pavel.procházka865@email.cz', 'Pavel P.', 'user', 0.75, NOW() - INTERVAL '94 days')
ON CONFLICT (id) DO NOTHING;

INSERT INTO public.users (id, email, display_name, role, trust_score, created_at) VALUES
('e1ca55bb-beca-4744-91d1-59643b13c1f0', 'daniel.dvořák862@email.cz', 'Daniel D.', 'user', 0.75, NOW() - INTERVAL '329 days')
ON CONFLICT (id) DO NOTHING;

INSERT INTO public.users (id, email, display_name, role, trust_score, created_at) VALUES
('2f926d3e-1778-4010-a300-59805c85583f', 'monika.čermák375@email.cz', 'Monika Č.', 'user', 0.75, NOW() - INTERVAL '235 days')
ON CONFLICT (id) DO NOTHING;

INSERT INTO public.users (id, email, display_name, role, trust_score, created_at) VALUES
('7a5d6714-820a-4622-aa29-a9ba65bbb52a', 'ivana.hájek531@email.cz', 'Ivana H.', 'user', 0.75, NOW() - INTERVAL '346 days')
ON CONFLICT (id) DO NOTHING;

INSERT INTO public.users (id, email, display_name, role, trust_score, created_at) VALUES
('ba61cc45-1ffb-4ed5-8646-a441fe129cd6', 'jan.urban891@email.cz', 'Jan U.', 'user', 0.75, NOW() - INTERVAL '241 days')
ON CONFLICT (id) DO NOTHING;

INSERT INTO public.users (id, email, display_name, role, trust_score, created_at) VALUES
('27724050-7a8f-405f-ac25-c592136404f1', 'marek.blažek693@email.cz', 'Marek B.', 'user', 0.75, NOW() - INTERVAL '185 days')
ON CONFLICT (id) DO NOTHING;

INSERT INTO public.users (id, email, display_name, role, trust_score, created_at) VALUES
('51a71fc6-d612-47c0-bd9f-9c7896d467ee', 'jakub.hájek156@email.cz', 'Jakub H.', 'user', 0.75, NOW() - INTERVAL '126 days')
ON CONFLICT (id) DO NOTHING;

INSERT INTO public.users (id, email, display_name, role, trust_score, created_at) VALUES
('27c7ad93-1747-4417-996a-9e7059f16e35', 'lenka.beneš456@email.cz', 'Lenka B.', 'user', 0.75, NOW() - INTERVAL '133 days')
ON CONFLICT (id) DO NOTHING;

INSERT INTO public.users (id, email, display_name, role, trust_score, created_at) VALUES
('19977c9c-a787-4722-9706-253c231ae7fe', 'zuzana.dvořák489@email.cz', 'Zuzana D.', 'user', 0.75, NOW() - INTERVAL '300 days')
ON CONFLICT (id) DO NOTHING;

INSERT INTO public.users (id, email, display_name, role, trust_score, created_at) VALUES
('2a21d71b-5d84-41ee-b14d-3da2c6a9511b', 'jan.zeman996@email.cz', 'Jan Z.', 'user', 0.75, NOW() - INTERVAL '317 days')
ON CONFLICT (id) DO NOTHING;

INSERT INTO public.users (id, email, display_name, role, trust_score, created_at) VALUES
('b45a7bf6-7d3f-40d1-ac45-3f9bd068b44e', 'aleš.sedláček226@email.cz', 'Aleš S.', 'user', 0.75, NOW() - INTERVAL '340 days')
ON CONFLICT (id) DO NOTHING;

INSERT INTO public.users (id, email, display_name, role, trust_score, created_at) VALUES
('625c2337-77bc-4853-94b7-bfcac8d6a72f', 'matěj.urban837@email.cz', 'Matěj U.', 'user', 0.75, NOW() - INTERVAL '297 days')
ON CONFLICT (id) DO NOTHING;

INSERT INTO public.users (id, email, display_name, role, trust_score, created_at) VALUES
('e5538b76-3d18-42ac-badf-f01344562124', 'petra.fiala347@email.cz', 'Petra F.', 'user', 0.75, NOW() - INTERVAL '213 days')
ON CONFLICT (id) DO NOTHING;

INSERT INTO public.users (id, email, display_name, role, trust_score, created_at) VALUES
('9a0bc9cf-5bcc-40fd-b1a4-08f1c1bc8766', 'simona.kolář207@email.cz', 'Simona K.', 'user', 0.75, NOW() - INTERVAL '339 days')
ON CONFLICT (id) DO NOTHING;

INSERT INTO public.users (id, email, display_name, role, trust_score, created_at) VALUES
('dae796c1-4e91-4afb-bb96-0d9ab613473a', 'pavel.sedláček923@email.cz', 'Pavel S.', 'user', 0.75, NOW() - INTERVAL '281 days')
ON CONFLICT (id) DO NOTHING;

INSERT INTO public.users (id, email, display_name, role, trust_score, created_at) VALUES
('94c4d3e9-bb8d-4335-80a2-546bd38cd154', 'lucie.novák545@email.cz', 'Lucie N.', 'user', 0.75, NOW() - INTERVAL '224 days')
ON CONFLICT (id) DO NOTHING;

INSERT INTO public.users (id, email, display_name, role, trust_score, created_at) VALUES
('07a1cf5e-ddbf-4207-9508-e3e2f34bf30d', 'tomáš.král249@email.cz', 'Tomáš K.', 'user', 0.75, NOW() - INTERVAL '53 days')
ON CONFLICT (id) DO NOTHING;

INSERT INTO public.users (id, email, display_name, role, trust_score, created_at) VALUES
('3b60cfd0-e1af-49a2-b6c3-8b73df4e47a6', 'filip.hájek101@email.cz', 'Filip H.', 'user', 0.75, NOW() - INTERVAL '70 days')
ON CONFLICT (id) DO NOTHING;

INSERT INTO public.users (id, email, display_name, role, trust_score, created_at) VALUES
('c0b4074b-16ce-4f2b-a1ea-33f80d7cb080', 'roman.král607@email.cz', 'Roman K.', 'user', 0.75, NOW() - INTERVAL '138 days')
ON CONFLICT (id) DO NOTHING;

INSERT INTO public.users (id, email, display_name, role, trust_score, created_at) VALUES
('c1efa386-4e3e-4560-9a11-4afbe05ca3f5', 'petr.procházka600@email.cz', 'Petr P.', 'user', 0.75, NOW() - INTERVAL '74 days')
ON CONFLICT (id) DO NOTHING;

INSERT INTO public.users (id, email, display_name, role, trust_score, created_at) VALUES
('46dbb731-90a7-4363-bb8f-8d16e7aa9c45', 'jiří.zeman187@email.cz', 'Jiří Z.', 'user', 0.75, NOW() - INTERVAL '348 days')
ON CONFLICT (id) DO NOTHING;

INSERT INTO public.users (id, email, display_name, role, trust_score, created_at) VALUES
('38e9e726-b212-4b0c-94dc-2a0e7aa8eb59', 'andrea.urban385@email.cz', 'Andrea U.', 'user', 0.75, NOW() - INTERVAL '169 days')
ON CONFLICT (id) DO NOTHING;

INSERT INTO public.users (id, email, display_name, role, trust_score, created_at) VALUES
('87443e26-912b-4a7d-bc23-96b35d246b06', 'kateřina.kolář490@email.cz', 'Kateřina K.', 'user', 0.75, NOW() - INTERVAL '78 days')
ON CONFLICT (id) DO NOTHING;

INSERT INTO public.users (id, email, display_name, role, trust_score, created_at) VALUES
('6d18ca84-d7f1-4c42-afd9-3e92ecfbfa76', 'petra.sedláček239@email.cz', 'Petra S.', 'user', 0.75, NOW() - INTERVAL '55 days')
ON CONFLICT (id) DO NOTHING;

INSERT INTO public.users (id, email, display_name, role, trust_score, created_at) VALUES
('fac969f5-1b2e-4cdb-bed3-5f1f1189c116', 'martin.blažek591@email.cz', 'Martin B.', 'user', 0.75, NOW() - INTERVAL '356 days')
ON CONFLICT (id) DO NOTHING;

INSERT INTO public.users (id, email, display_name, role, trust_score, created_at) VALUES
('5d6488b0-11e5-441c-90a3-820253625ff5', 'hana.kříž145@email.cz', 'Hana K.', 'user', 0.75, NOW() - INTERVAL '318 days')
ON CONFLICT (id) DO NOTHING;

INSERT INTO public.users (id, email, display_name, role, trust_score, created_at) VALUES
('1057acad-69eb-4709-83e7-2147d523f16d', 'hana.horák353@email.cz', 'Hana H.', 'user', 0.75, NOW() - INTERVAL '64 days')
ON CONFLICT (id) DO NOTHING;

INSERT INTO public.users (id, email, display_name, role, trust_score, created_at) VALUES
('52cf582e-5f3b-474b-bc04-9a08e6d2f3a5', 'monika.beneš595@email.cz', 'Monika B.', 'user', 0.75, NOW() - INTERVAL '131 days')
ON CONFLICT (id) DO NOTHING;

INSERT INTO public.users (id, email, display_name, role, trust_score, created_at) VALUES
('e4d18074-0a06-44fb-a86a-0ffa2b22fa82', 'andrea.fiala699@email.cz', 'Andrea F.', 'user', 0.75, NOW() - INTERVAL '252 days')
ON CONFLICT (id) DO NOTHING;

INSERT INTO public.users (id, email, display_name, role, trust_score, created_at) VALUES
('f94da341-f6f1-40ce-b7a4-4415e71c06d1', 'markéta.čermák546@email.cz', 'Markéta Č.', 'user', 0.75, NOW() - INTERVAL '101 days')
ON CONFLICT (id) DO NOTHING;

INSERT INTO public.users (id, email, display_name, role, trust_score, created_at) VALUES
('056ed92e-849f-4cb8-8df0-1caaeafcec3c', 'simona.sedláček563@email.cz', 'Simona S.', 'user', 0.75, NOW() - INTERVAL '295 days')
ON CONFLICT (id) DO NOTHING;

INSERT INTO public.users (id, email, display_name, role, trust_score, created_at) VALUES
('dd061639-a407-48b0-a614-2f9bd8832834', 'marek.doležal813@email.cz', 'Marek D.', 'user', 0.75, NOW() - INTERVAL '194 days')
ON CONFLICT (id) DO NOTHING;

INSERT INTO public.users (id, email, display_name, role, trust_score, created_at) VALUES
('6e82f1e2-bf99-440c-a8ed-0dc431c6d75e', 'kateřina.pospíšil19@email.cz', 'Kateřina P.', 'user', 0.75, NOW() - INTERVAL '121 days')
ON CONFLICT (id) DO NOTHING;

INSERT INTO public.users (id, email, display_name, role, trust_score, created_at) VALUES
('ebc867b0-ed54-4e90-85f0-10253fb48e0d', 'veronika.jelínek44@email.cz', 'Veronika J.', 'user', 0.75, NOW() - INTERVAL '121 days')
ON CONFLICT (id) DO NOTHING;

INSERT INTO public.users (id, email, display_name, role, trust_score, created_at) VALUES
('8d666552-d171-44c6-85f7-cc3446bc4c5e', 'vojtěch.kříž428@email.cz', 'Vojtěch K.', 'user', 0.75, NOW() - INTERVAL '217 days')
ON CONFLICT (id) DO NOTHING;

INSERT INTO public.users (id, email, display_name, role, trust_score, created_at) VALUES
('ee1ce41e-4e12-4436-b7a5-e4b33d67a5ef', 'lukáš.vaněk222@email.cz', 'Lukáš V.', 'user', 0.75, NOW() - INTERVAL '61 days')
ON CONFLICT (id) DO NOTHING;

INSERT INTO public.users (id, email, display_name, role, trust_score, created_at) VALUES
('fa814622-364e-4c56-9902-d46d81262a97', 'jakub.kříž258@email.cz', 'Jakub K.', 'user', 0.75, NOW() - INTERVAL '134 days')
ON CONFLICT (id) DO NOTHING;

INSERT INTO public.users (id, email, display_name, role, trust_score, created_at) VALUES
('0047fee8-7659-4276-9c47-94e1e39e47a3', 'daniel.sedláček63@email.cz', 'Daniel S.', 'user', 0.75, NOW() - INTERVAL '345 days')
ON CONFLICT (id) DO NOTHING;

INSERT INTO public.users (id, email, display_name, role, trust_score, created_at) VALUES
('1e6ffebf-29b4-4d7f-909d-801d73cb2f90', 'petr.sedláček76@email.cz', 'Petr S.', 'user', 0.75, NOW() - INTERVAL '350 days')
ON CONFLICT (id) DO NOTHING;

INSERT INTO public.users (id, email, display_name, role, trust_score, created_at) VALUES
('46a012bc-218f-46c1-8d73-cbf15e6eaa3e', 'lucie.procházka146@email.cz', 'Lucie P.', 'user', 0.75, NOW() - INTERVAL '45 days')
ON CONFLICT (id) DO NOTHING;

INSERT INTO public.users (id, email, display_name, role, trust_score, created_at) VALUES
('8358f18b-bb1c-46af-85ed-122732f3e2e4', 'markéta.kučera136@email.cz', 'Markéta K.', 'user', 0.75, NOW() - INTERVAL '51 days')
ON CONFLICT (id) DO NOTHING;

INSERT INTO public.users (id, email, display_name, role, trust_score, created_at) VALUES
('34ca1054-8a5f-46e1-8571-f3d9bf838834', 'jan.pokorný991@email.cz', 'Jan P.', 'user', 0.75, NOW() - INTERVAL '262 days')
ON CONFLICT (id) DO NOTHING;

INSERT INTO public.users (id, email, display_name, role, trust_score, created_at) VALUES
('822b7058-535f-4970-8d6f-cc8b1b83d09b', 'eva.horák394@email.cz', 'Eva H.', 'user', 0.75, NOW() - INTERVAL '302 days')
ON CONFLICT (id) DO NOTHING;

INSERT INTO public.users (id, email, display_name, role, trust_score, created_at) VALUES
('c327b851-877d-4c3a-b2eb-47841720f849', 'ivana.novotný178@email.cz', 'Ivana N.', 'user', 0.75, NOW() - INTERVAL '356 days')
ON CONFLICT (id) DO NOTHING;

INSERT INTO public.users (id, email, display_name, role, trust_score, created_at) VALUES
('ac74c57e-7476-462b-8b02-2c910bf770eb', 'petra.horák258@email.cz', 'Petra H.', 'user', 0.75, NOW() - INTERVAL '139 days')
ON CONFLICT (id) DO NOTHING;

INSERT INTO public.users (id, email, display_name, role, trust_score, created_at) VALUES
('47b12dea-dfe8-4f18-9c23-97006b0f8f16', 'simona.černý269@email.cz', 'Simona Č.', 'user', 0.75, NOW() - INTERVAL '104 days')
ON CONFLICT (id) DO NOTHING;

INSERT INTO public.users (id, email, display_name, role, trust_score, created_at) VALUES
('5f938889-44fe-412a-9f82-d725dfda99a6', 'anna.doležal934@email.cz', 'Anna D.', 'user', 0.75, NOW() - INTERVAL '321 days')
ON CONFLICT (id) DO NOTHING;

INSERT INTO public.users (id, email, display_name, role, trust_score, created_at) VALUES
('45bb8aca-3cf0-476d-b113-270904cff55a', 'monika.fiala825@email.cz', 'Monika F.', 'user', 0.75, NOW() - INTERVAL '341 days')
ON CONFLICT (id) DO NOTHING;

INSERT INTO public.users (id, email, display_name, role, trust_score, created_at) VALUES
('b7000ed9-38aa-4369-b580-9e1552b7ebda', 'david.blažek499@email.cz', 'David B.', 'user', 0.75, NOW() - INTERVAL '292 days')
ON CONFLICT (id) DO NOTHING;

INSERT INTO public.users (id, email, display_name, role, trust_score, created_at) VALUES
('30ffc67c-5549-45fb-a14c-20b5c86c2e1b', 'barbora.čermák647@email.cz', 'Barbora Č.', 'user', 0.75, NOW() - INTERVAL '264 days')
ON CONFLICT (id) DO NOTHING;

INSERT INTO public.users (id, email, display_name, role, trust_score, created_at) VALUES
('4a8d071e-d32d-482c-a67d-aea2c744decf', 'lukáš.pospíšil531@email.cz', 'Lukáš P.', 'user', 0.75, NOW() - INTERVAL '159 days')
ON CONFLICT (id) DO NOTHING;

INSERT INTO public.users (id, email, display_name, role, trust_score, created_at) VALUES
('5ac3b93c-8932-42cd-bcce-345835707bef', 'simona.pospíšil264@email.cz', 'Simona P.', 'user', 0.75, NOW() - INTERVAL '102 days')
ON CONFLICT (id) DO NOTHING;

INSERT INTO public.users (id, email, display_name, role, trust_score, created_at) VALUES
('1afddd96-9137-4809-b9eb-45e826e78ad5', 'aleš.němec181@email.cz', 'Aleš N.', 'user', 0.75, NOW() - INTERVAL '339 days')
ON CONFLICT (id) DO NOTHING;

INSERT INTO public.users (id, email, display_name, role, trust_score, created_at) VALUES
('f667a4f9-7e8f-4dad-9894-a7c8cc67a983', 'kateřina.čermák753@email.cz', 'Kateřina Č.', 'user', 0.75, NOW() - INTERVAL '322 days')
ON CONFLICT (id) DO NOTHING;

INSERT INTO public.users (id, email, display_name, role, trust_score, created_at) VALUES
('afb92183-7c5d-47b1-ad53-0bab51d3301f', 'markéta.kovář460@email.cz', 'Markéta K.', 'user', 0.75, NOW() - INTERVAL '118 days')
ON CONFLICT (id) DO NOTHING;

INSERT INTO public.users (id, email, display_name, role, trust_score, created_at) VALUES
('a50dbd38-09a4-4c5a-a154-eb08ce0d2727', 'tereza.procházka545@email.cz', 'Tereza P.', 'user', 0.75, NOW() - INTERVAL '90 days')
ON CONFLICT (id) DO NOTHING;

INSERT INTO public.users (id, email, display_name, role, trust_score, created_at) VALUES
('66b47dcf-29f2-4c80-bea1-f25633fc2aa1', 'ivana.vaněk338@email.cz', 'Ivana V.', 'user', 0.75, NOW() - INTERVAL '58 days')
ON CONFLICT (id) DO NOTHING;

INSERT INTO public.users (id, email, display_name, role, trust_score, created_at) VALUES
('7aa68706-202c-4d1b-b22d-fbe7c094c422', 'monika.zeman325@email.cz', 'Monika Z.', 'user', 0.75, NOW() - INTERVAL '131 days')
ON CONFLICT (id) DO NOTHING;

INSERT INTO public.users (id, email, display_name, role, trust_score, created_at) VALUES
('645295d6-703a-4034-89b8-9d8da40ee6b0', 'tereza.navrátil36@email.cz', 'Tereza N.', 'user', 0.75, NOW() - INTERVAL '58 days')
ON CONFLICT (id) DO NOTHING;

INSERT INTO public.users (id, email, display_name, role, trust_score, created_at) VALUES
('0a080d05-a364-4a3a-91c7-65ffa8a0eace', 'eva.kovář575@email.cz', 'Eva K.', 'user', 0.75, NOW() - INTERVAL '102 days')
ON CONFLICT (id) DO NOTHING;

INSERT INTO public.users (id, email, display_name, role, trust_score, created_at) VALUES
('7c4e853f-ed80-4187-870f-b85b2c289824', 'lukáš.urban549@email.cz', 'Lukáš U.', 'user', 0.75, NOW() - INTERVAL '332 days')
ON CONFLICT (id) DO NOTHING;

INSERT INTO public.users (id, email, display_name, role, trust_score, created_at) VALUES
('ff195e0f-f283-4bcf-b5d1-b24ca1b0dfd1', 'marie.kovář170@email.cz', 'Marie K.', 'user', 0.75, NOW() - INTERVAL '258 days')
ON CONFLICT (id) DO NOTHING;

INSERT INTO public.users (id, email, display_name, role, trust_score, created_at) VALUES
('c2d886e7-6e70-490c-b8fc-2ef1e0447eb1', 'lukáš.novák342@email.cz', 'Lukáš N.', 'user', 0.75, NOW() - INTERVAL '215 days')
ON CONFLICT (id) DO NOTHING;

INSERT INTO public.users (id, email, display_name, role, trust_score, created_at) VALUES
('a8fd6bb1-37c4-45c4-8a41-e504529ea0f6', 'matěj.růžička995@email.cz', 'Matěj R.', 'user', 0.75, NOW() - INTERVAL '265 days')
ON CONFLICT (id) DO NOTHING;

INSERT INTO public.users (id, email, display_name, role, trust_score, created_at) VALUES
('c4da1e6b-918d-4a59-a64b-ecfeef69e6be', 'roman.zeman463@email.cz', 'Roman Z.', 'user', 0.75, NOW() - INTERVAL '199 days')
ON CONFLICT (id) DO NOTHING;

INSERT INTO public.users (id, email, display_name, role, trust_score, created_at) VALUES
('24d5bb73-b8b9-405c-a7e5-d737cc9c66ae', 'jan.zeman431@email.cz', 'Jan Z.', 'user', 0.75, NOW() - INTERVAL '342 days')
ON CONFLICT (id) DO NOTHING;

INSERT INTO public.users (id, email, display_name, role, trust_score, created_at) VALUES
('e3fd34e1-cad4-43ae-a276-e33e96735363', 'zuzana.král22@email.cz', 'Zuzana K.', 'user', 0.75, NOW() - INTERVAL '51 days')
ON CONFLICT (id) DO NOTHING;

INSERT INTO public.users (id, email, display_name, role, trust_score, created_at) VALUES
('5318c04b-c291-49d3-a684-6e43ff1e6100', 'lucie.novotný945@email.cz', 'Lucie N.', 'user', 0.75, NOW() - INTERVAL '338 days')
ON CONFLICT (id) DO NOTHING;

INSERT INTO public.users (id, email, display_name, role, trust_score, created_at) VALUES
('66bff26d-119a-4c6f-b15d-6dd969e47723', 'kristýna.doležal758@email.cz', 'Kristýna D.', 'user', 0.75, NOW() - INTERVAL '346 days')
ON CONFLICT (id) DO NOTHING;

INSERT INTO public.users (id, email, display_name, role, trust_score, created_at) VALUES
('9c0b526e-1d0a-4406-94fc-41eaf45009f1', 'david.beneš12@email.cz', 'David B.', 'user', 0.75, NOW() - INTERVAL '203 days')
ON CONFLICT (id) DO NOTHING;

INSERT INTO public.users (id, email, display_name, role, trust_score, created_at) VALUES
('5db374a4-21be-4c5a-80cb-13c41f936c26', 'michal.čermák243@email.cz', 'Michal Č.', 'user', 0.75, NOW() - INTERVAL '302 days')
ON CONFLICT (id) DO NOTHING;

INSERT INTO public.users (id, email, display_name, role, trust_score, created_at) VALUES
('d15de773-8080-4341-b878-df2720277384', 'aleš.fiala750@email.cz', 'Aleš F.', 'user', 0.75, NOW() - INTERVAL '224 days')
ON CONFLICT (id) DO NOTHING;

INSERT INTO public.users (id, email, display_name, role, trust_score, created_at) VALUES
('776aa7da-acc5-4f1d-8494-11040aa1e7e2', 'anna.dvořák909@email.cz', 'Anna D.', 'user', 0.75, NOW() - INTERVAL '233 days')
ON CONFLICT (id) DO NOTHING;

INSERT INTO public.users (id, email, display_name, role, trust_score, created_at) VALUES
('e3e3a0e5-fcbd-4c04-af4e-5e7fdf4931b3', 'barbora.horák16@email.cz', 'Barbora H.', 'user', 0.75, NOW() - INTERVAL '319 days')
ON CONFLICT (id) DO NOTHING;

INSERT INTO public.users (id, email, display_name, role, trust_score, created_at) VALUES
('399a921a-66a0-44ab-b02d-0a3285217264', 'eva.novotný49@email.cz', 'Eva N.', 'user', 0.75, NOW() - INTERVAL '195 days')
ON CONFLICT (id) DO NOTHING;

INSERT INTO public.users (id, email, display_name, role, trust_score, created_at) VALUES
('4d492ab0-3f2c-4c63-bbdb-67498516da06', 'radek.fiala93@email.cz', 'Radek F.', 'user', 0.75, NOW() - INTERVAL '239 days')
ON CONFLICT (id) DO NOTHING;

INSERT INTO public.users (id, email, display_name, role, trust_score, created_at) VALUES
('58f4f375-cdc8-4cd0-8355-f1d9e4675a99', 'hana.jelínek94@email.cz', 'Hana J.', 'user', 0.75, NOW() - INTERVAL '326 days')
ON CONFLICT (id) DO NOTHING;

INSERT INTO public.users (id, email, display_name, role, trust_score, created_at) VALUES
('2e18e416-b6cc-4f28-9ce3-2d3dd3aed1dc', 'marek.kolář808@email.cz', 'Marek K.', 'user', 0.75, NOW() - INTERVAL '339 days')
ON CONFLICT (id) DO NOTHING;

INSERT INTO public.users (id, email, display_name, role, trust_score, created_at) VALUES
('d4b56900-3521-442e-bfcc-738154f72e85', 'tomáš.kučera104@email.cz', 'Tomáš K.', 'user', 0.75, NOW() - INTERVAL '313 days')
ON CONFLICT (id) DO NOTHING;

INSERT INTO public.users (id, email, display_name, role, trust_score, created_at) VALUES
('ac8ed421-1add-482a-a75c-23365a0b1427', 'markéta.svoboda449@email.cz', 'Markéta S.', 'user', 0.75, NOW() - INTERVAL '230 days')
ON CONFLICT (id) DO NOTHING;

INSERT INTO public.users (id, email, display_name, role, trust_score, created_at) VALUES
('cf255904-dc84-458b-9b59-372108aa411d', 'marie.němec815@email.cz', 'Marie N.', 'user', 0.75, NOW() - INTERVAL '251 days')
ON CONFLICT (id) DO NOTHING;

INSERT INTO public.users (id, email, display_name, role, trust_score, created_at) VALUES
('430bf78a-90ad-4e37-ab86-7384797eda3a', 'andrea.kovář620@email.cz', 'Andrea K.', 'user', 0.75, NOW() - INTERVAL '131 days')
ON CONFLICT (id) DO NOTHING;

INSERT INTO public.users (id, email, display_name, role, trust_score, created_at) VALUES
('79885743-d97e-4d03-8640-33cfd5437570', 'eva.hájek182@email.cz', 'Eva H.', 'user', 0.75, NOW() - INTERVAL '171 days')
ON CONFLICT (id) DO NOTHING;

INSERT INTO public.users (id, email, display_name, role, trust_score, created_at) VALUES
('5971d4e4-6878-4c6a-bfca-9147eb613f4b', 'jakub.pokorný356@email.cz', 'Jakub P.', 'user', 0.75, NOW() - INTERVAL '278 days')
ON CONFLICT (id) DO NOTHING;

INSERT INTO public.users (id, email, display_name, role, trust_score, created_at) VALUES
('837cb2c8-91d9-403b-aa5c-4764846e7c7c', 'michaela.beneš888@email.cz', 'Michaela B.', 'user', 0.75, NOW() - INTERVAL '170 days')
ON CONFLICT (id) DO NOTHING;

INSERT INTO public.users (id, email, display_name, role, trust_score, created_at) VALUES
('9e55edb6-3909-44c3-9cc7-cff519927a7a', 'barbora.kovář188@email.cz', 'Barbora K.', 'user', 0.75, NOW() - INTERVAL '198 days')
ON CONFLICT (id) DO NOTHING;

INSERT INTO public.users (id, email, display_name, role, trust_score, created_at) VALUES
('896a32aa-8874-421c-b657-c24eef6fa930', 'matěj.růžička587@email.cz', 'Matěj R.', 'user', 0.75, NOW() - INTERVAL '119 days')
ON CONFLICT (id) DO NOTHING;

INSERT INTO public.users (id, email, display_name, role, trust_score, created_at) VALUES
('3ab4c9a5-bfdc-465c-92ea-0a315c484106', 'marek.kovář166@email.cz', 'Marek K.', 'user', 0.75, NOW() - INTERVAL '241 days')
ON CONFLICT (id) DO NOTHING;

INSERT INTO public.users (id, email, display_name, role, trust_score, created_at) VALUES
('a5ad2833-f440-428b-b06a-82bd3960a01c', 'tereza.hájek713@email.cz', 'Tereza H.', 'user', 0.75, NOW() - INTERVAL '99 days')
ON CONFLICT (id) DO NOTHING;

INSERT INTO public.users (id, email, display_name, role, trust_score, created_at) VALUES
('c2ad1340-c60b-4f7f-96f5-7708151c4809', 'tomáš.fiala660@email.cz', 'Tomáš F.', 'user', 0.75, NOW() - INTERVAL '37 days')
ON CONFLICT (id) DO NOTHING;

INSERT INTO public.users (id, email, display_name, role, trust_score, created_at) VALUES
('094915c4-0bc8-4964-ad81-1d7c5fce794e', 'hana.hájek773@email.cz', 'Hana H.', 'user', 0.75, NOW() - INTERVAL '343 days')
ON CONFLICT (id) DO NOTHING;

INSERT INTO public.users (id, email, display_name, role, trust_score, created_at) VALUES
('cc40ec19-4ae3-4c5e-a3e9-52a0a5123d54', 'david.vaněk43@email.cz', 'David V.', 'user', 0.75, NOW() - INTERVAL '299 days')
ON CONFLICT (id) DO NOTHING;

INSERT INTO public.users (id, email, display_name, role, trust_score, created_at) VALUES
('0af6ae36-e81b-4b7e-b198-8e3dacb08a7b', 'filip.kříž918@email.cz', 'Filip K.', 'user', 0.75, NOW() - INTERVAL '228 days')
ON CONFLICT (id) DO NOTHING;

INSERT INTO public.users (id, email, display_name, role, trust_score, created_at) VALUES
('2fef94b5-80c8-454e-ae5e-ad781db30054', 'barbora.marek686@email.cz', 'Barbora M.', 'user', 0.75, NOW() - INTERVAL '297 days')
ON CONFLICT (id) DO NOTHING;

INSERT INTO public.users (id, email, display_name, role, trust_score, created_at) VALUES
('4ccd3bc6-80fe-4fdd-9d30-764670a86d49', 'marek.horák16@email.cz', 'Marek H.', 'user', 0.75, NOW() - INTERVAL '146 days')
ON CONFLICT (id) DO NOTHING;

INSERT INTO public.users (id, email, display_name, role, trust_score, created_at) VALUES
('12ea0be1-b881-4d80-a80e-9aa73663f009', 'eva.čermák776@email.cz', 'Eva Č.', 'user', 0.75, NOW() - INTERVAL '303 days')
ON CONFLICT (id) DO NOTHING;

INSERT INTO public.users (id, email, display_name, role, trust_score, created_at) VALUES
('ef9aca67-22f5-468a-b61b-e65fd728aea4', 'lenka.novotný948@email.cz', 'Lenka N.', 'user', 0.75, NOW() - INTERVAL '161 days')
ON CONFLICT (id) DO NOTHING;

INSERT INTO public.users (id, email, display_name, role, trust_score, created_at) VALUES
('f3264b20-8742-4d6a-ab34-a06b79fa5e63', 'michaela.dvořák513@email.cz', 'Michaela D.', 'user', 0.75, NOW() - INTERVAL '305 days')
ON CONFLICT (id) DO NOTHING;

INSERT INTO public.users (id, email, display_name, role, trust_score, created_at) VALUES
('70287ed4-a607-4829-b9a1-5b9322b4e889', 'marek.kučera69@email.cz', 'Marek K.', 'user', 0.75, NOW() - INTERVAL '93 days')
ON CONFLICT (id) DO NOTHING;

INSERT INTO public.users (id, email, display_name, role, trust_score, created_at) VALUES
('3b62679e-dc32-4edf-a337-cc93b7390503', 'marie.fiala985@email.cz', 'Marie F.', 'user', 0.75, NOW() - INTERVAL '161 days')
ON CONFLICT (id) DO NOTHING;

INSERT INTO public.users (id, email, display_name, role, trust_score, created_at) VALUES
('7ddecf11-1e7e-4c0d-aede-8dd70319b8bf', 'ivana.doležal597@email.cz', 'Ivana D.', 'user', 0.75, NOW() - INTERVAL '65 days')
ON CONFLICT (id) DO NOTHING;

INSERT INTO public.users (id, email, display_name, role, trust_score, created_at) VALUES
('38e99461-9332-4ed4-8130-ec895f9876ef', 'aleš.pospíšil921@email.cz', 'Aleš P.', 'user', 0.75, NOW() - INTERVAL '64 days')
ON CONFLICT (id) DO NOTHING;

INSERT INTO public.users (id, email, display_name, role, trust_score, created_at) VALUES
('7a1840e0-954e-49ed-be4c-fa77bfc96125', 'jakub.marek716@email.cz', 'Jakub M.', 'user', 0.75, NOW() - INTERVAL '190 days')
ON CONFLICT (id) DO NOTHING;

INSERT INTO public.users (id, email, display_name, role, trust_score, created_at) VALUES
('d5d8bce4-2cf8-4d5e-8f65-a61ffe3cc492', 'ondřej.němec622@email.cz', 'Ondřej N.', 'user', 0.75, NOW() - INTERVAL '129 days')
ON CONFLICT (id) DO NOTHING;

INSERT INTO public.users (id, email, display_name, role, trust_score, created_at) VALUES
('62b36911-db5b-4a73-b25e-a22f69949b66', 'michaela.novák683@email.cz', 'Michaela N.', 'user', 0.75, NOW() - INTERVAL '267 days')
ON CONFLICT (id) DO NOTHING;

INSERT INTO public.users (id, email, display_name, role, trust_score, created_at) VALUES
('6557c568-f880-484e-a0e2-97ffdc265572', 'pavel.černý9@email.cz', 'Pavel Č.', 'user', 0.75, NOW() - INTERVAL '128 days')
ON CONFLICT (id) DO NOTHING;

INSERT INTO public.users (id, email, display_name, role, trust_score, created_at) VALUES
('5eca26b8-9e0b-49d5-80fa-536351ae5df4', 'michaela.kučera291@email.cz', 'Michaela K.', 'user', 0.75, NOW() - INTERVAL '49 days')
ON CONFLICT (id) DO NOTHING;

INSERT INTO public.users (id, email, display_name, role, trust_score, created_at) VALUES
('a660b701-227e-49a7-aec5-86ae0ec838ba', 'radek.zeman32@email.cz', 'Radek Z.', 'user', 0.75, NOW() - INTERVAL '39 days')
ON CONFLICT (id) DO NOTHING;

INSERT INTO public.users (id, email, display_name, role, trust_score, created_at) VALUES
('50132579-dfc1-4337-95b8-e0d0048276ec', 'david.černý936@email.cz', 'David Č.', 'user', 0.75, NOW() - INTERVAL '35 days')
ON CONFLICT (id) DO NOTHING;

INSERT INTO public.users (id, email, display_name, role, trust_score, created_at) VALUES
('65a3b9c2-acb3-441f-ba5e-3ed54faae7ac', 'lucie.hájek724@email.cz', 'Lucie H.', 'user', 0.75, NOW() - INTERVAL '361 days')
ON CONFLICT (id) DO NOTHING;

INSERT INTO public.users (id, email, display_name, role, trust_score, created_at) VALUES
('cd73bb78-7ae1-4a05-a47f-f9e570472dc6', 'pavel.fiala607@email.cz', 'Pavel F.', 'user', 0.75, NOW() - INTERVAL '189 days')
ON CONFLICT (id) DO NOTHING;

INSERT INTO public.users (id, email, display_name, role, trust_score, created_at) VALUES
('c246599e-c1e0-400e-bec7-d08b52376c47', 'veronika.navrátil565@email.cz', 'Veronika N.', 'user', 0.75, NOW() - INTERVAL '128 days')
ON CONFLICT (id) DO NOTHING;

INSERT INTO public.users (id, email, display_name, role, trust_score, created_at) VALUES
('349013a0-6f0c-4c0f-abce-43b34d777aad', 'anna.blažek797@email.cz', 'Anna B.', 'user', 0.75, NOW() - INTERVAL '227 days')
ON CONFLICT (id) DO NOTHING;

INSERT INTO public.users (id, email, display_name, role, trust_score, created_at) VALUES
('61c0439a-37cf-444c-bac4-749bd3b73c57', 'simona.procházka950@email.cz', 'Simona P.', 'user', 0.75, NOW() - INTERVAL '159 days')
ON CONFLICT (id) DO NOTHING;

INSERT INTO public.users (id, email, display_name, role, trust_score, created_at) VALUES
('d60975af-ea90-44b0-85c0-642201e8de11', 'jana.němec967@email.cz', 'Jana N.', 'user', 0.75, NOW() - INTERVAL '60 days')
ON CONFLICT (id) DO NOTHING;

INSERT INTO public.users (id, email, display_name, role, trust_score, created_at) VALUES
('f0976191-04b9-4cb9-94d1-a7548a95519d', 'lenka.pospíšil311@email.cz', 'Lenka P.', 'user', 0.75, NOW() - INTERVAL '237 days')
ON CONFLICT (id) DO NOTHING;

INSERT INTO public.users (id, email, display_name, role, trust_score, created_at) VALUES
('2a66fdac-b390-4ebf-a07d-821875925b14', 'jan.veselý279@email.cz', 'Jan V.', 'user', 0.75, NOW() - INTERVAL '125 days')
ON CONFLICT (id) DO NOTHING;

INSERT INTO public.users (id, email, display_name, role, trust_score, created_at) VALUES
('4cd80af6-44e3-4c57-b90a-26d32e87522e', 'lucie.pospíšil646@email.cz', 'Lucie P.', 'user', 0.75, NOW() - INTERVAL '53 days')
ON CONFLICT (id) DO NOTHING;

INSERT INTO public.users (id, email, display_name, role, trust_score, created_at) VALUES
('a024450a-bdd5-4827-bcb4-2b3f8dc90d68', 'barbora.zeman770@email.cz', 'Barbora Z.', 'user', 0.75, NOW() - INTERVAL '345 days')
ON CONFLICT (id) DO NOTHING;

INSERT INTO public.users (id, email, display_name, role, trust_score, created_at) VALUES
('b5e52e07-81c7-4527-aee6-e73939011efe', 'petr.horák795@email.cz', 'Petr H.', 'user', 0.75, NOW() - INTERVAL '145 days')
ON CONFLICT (id) DO NOTHING;

INSERT INTO public.users (id, email, display_name, role, trust_score, created_at) VALUES
('0682f4e2-76b3-488e-bd16-9f0d0c3bdb62', 'roman.beneš180@email.cz', 'Roman B.', 'user', 0.75, NOW() - INTERVAL '327 days')
ON CONFLICT (id) DO NOTHING;

INSERT INTO public.users (id, email, display_name, role, trust_score, created_at) VALUES
('4fd8624f-b70c-42bb-8d21-62460e6caeef', 'barbora.kovář38@email.cz', 'Barbora K.', 'user', 0.75, NOW() - INTERVAL '318 days')
ON CONFLICT (id) DO NOTHING;

INSERT INTO public.users (id, email, display_name, role, trust_score, created_at) VALUES
('1c55c3c1-c41b-4f2c-b8ca-4e670913e62d', 'vojtěch.hájek151@email.cz', 'Vojtěch H.', 'user', 0.75, NOW() - INTERVAL '226 days')
ON CONFLICT (id) DO NOTHING;

INSERT INTO public.users (id, email, display_name, role, trust_score, created_at) VALUES
('0afec2b5-39cd-42b7-9bf7-b728b9b3d6a2', 'marie.kříž394@email.cz', 'Marie K.', 'user', 0.75, NOW() - INTERVAL '57 days')
ON CONFLICT (id) DO NOTHING;

INSERT INTO public.users (id, email, display_name, role, trust_score, created_at) VALUES
('2006ec62-53a9-4cb7-9a3f-fe1a424a8da9', 'monika.urban411@email.cz', 'Monika U.', 'user', 0.75, NOW() - INTERVAL '161 days')
ON CONFLICT (id) DO NOTHING;

INSERT INTO public.users (id, email, display_name, role, trust_score, created_at) VALUES
('35bc57e7-cca9-4483-b0f4-8012cfc985e5', 'jana.dvořák56@email.cz', 'Jana D.', 'user', 0.75, NOW() - INTERVAL '350 days')
ON CONFLICT (id) DO NOTHING;

INSERT INTO public.users (id, email, display_name, role, trust_score, created_at) VALUES
('45b169f7-bb4c-4a89-8e8f-4af14d9fb5d9', 'eva.svoboda21@email.cz', 'Eva S.', 'user', 0.75, NOW() - INTERVAL '224 days')
ON CONFLICT (id) DO NOTHING;

INSERT INTO public.users (id, email, display_name, role, trust_score, created_at) VALUES
('30edf6d7-c1e0-49a9-b81a-db8baaf10580', 'david.černý148@email.cz', 'David Č.', 'user', 0.75, NOW() - INTERVAL '304 days')
ON CONFLICT (id) DO NOTHING;

INSERT INTO public.users (id, email, display_name, role, trust_score, created_at) VALUES
('6b6e19f5-dc64-43b1-bcad-b4d9e9228182', 'petr.urban46@email.cz', 'Petr U.', 'user', 0.75, NOW() - INTERVAL '292 days')
ON CONFLICT (id) DO NOTHING;

INSERT INTO public.users (id, email, display_name, role, trust_score, created_at) VALUES
('ab994e65-8154-4329-9d58-4c0f88432e23', 'monika.kříž820@email.cz', 'Monika K.', 'user', 0.75, NOW() - INTERVAL '172 days')
ON CONFLICT (id) DO NOTHING;

INSERT INTO public.users (id, email, display_name, role, trust_score, created_at) VALUES
('ae283e46-34db-4599-b7ff-a3a35ac9d504', 'jakub.fiala986@email.cz', 'Jakub F.', 'user', 0.75, NOW() - INTERVAL '254 days')
ON CONFLICT (id) DO NOTHING;

INSERT INTO public.users (id, email, display_name, role, trust_score, created_at) VALUES
('1a057b36-350a-4526-bde5-aeae1e09baa7', 'marek.veselý25@email.cz', 'Marek V.', 'user', 0.75, NOW() - INTERVAL '256 days')
ON CONFLICT (id) DO NOTHING;

INSERT INTO public.users (id, email, display_name, role, trust_score, created_at) VALUES
('98730933-8723-4675-b12d-2c490a944a22', 'tomáš.černý165@email.cz', 'Tomáš Č.', 'user', 0.75, NOW() - INTERVAL '363 days')
ON CONFLICT (id) DO NOTHING;

INSERT INTO public.users (id, email, display_name, role, trust_score, created_at) VALUES
('d3046a10-035c-4ecb-b8ec-c7700c75dbab', 'michal.hájek761@email.cz', 'Michal H.', 'user', 0.75, NOW() - INTERVAL '323 days')
ON CONFLICT (id) DO NOTHING;

INSERT INTO public.users (id, email, display_name, role, trust_score, created_at) VALUES
('2faa49af-40a5-4262-8f72-049c20a96f57', 'andrea.vaněk534@email.cz', 'Andrea V.', 'user', 0.75, NOW() - INTERVAL '307 days')
ON CONFLICT (id) DO NOTHING;

INSERT INTO public.users (id, email, display_name, role, trust_score, created_at) VALUES
('ad89fcea-b025-41f8-b7d4-647d073524de', 'radek.růžička141@email.cz', 'Radek R.', 'user', 0.75, NOW() - INTERVAL '44 days')
ON CONFLICT (id) DO NOTHING;

INSERT INTO public.users (id, email, display_name, role, trust_score, created_at) VALUES
('bad177c4-96ea-460c-bc42-70fdcf92ce02', 'vojtěch.černý831@email.cz', 'Vojtěch Č.', 'user', 0.75, NOW() - INTERVAL '119 days')
ON CONFLICT (id) DO NOTHING;


-- Insert businesses (if they don't exist)
INSERT INTO public.businesses (id, slug, name) VALUES
('breezh', 'breezh', 'Breezh')
ON CONFLICT (id) DO NOTHING;

INSERT INTO public.businesses (id, slug, name) VALUES
('kratom-world-kladno', 'kratom-world-kladno', 'Kratom World Kladno')
ON CONFLICT (id) DO NOTHING;

INSERT INTO public.businesses (id, slug, name) VALUES
('cbdsvetcz-praha-3', 'cbdsvetcz-praha-3', 'Cbdsvetcz Praha 3')
ON CONFLICT (id) DO NOTHING;

INSERT INTO public.businesses (id, slug, name) VALUES
('cbdsvetcz-liberec', 'cbdsvetcz-liberec', 'Cbdsvetcz Liberec')
ON CONFLICT (id) DO NOTHING;

INSERT INTO public.businesses (id, slug, name) VALUES
('legalni-konopicz', 'legalni-konopicz', 'Legalni Konopicz')
ON CONFLICT (id) DO NOTHING;

INSERT INTO public.businesses (id, slug, name) VALUES
('euphoria', 'euphoria', 'Euphoria')
ON CONFLICT (id) DO NOTHING;

INSERT INTO public.businesses (id, slug, name) VALUES
('verasens', 'verasens', 'Verasens')
ON CONFLICT (id) DO NOTHING;

INSERT INTO public.businesses (id, slug, name) VALUES
('greenhouse-prague', 'greenhouse-prague', 'Greenhouse Prague')
ON CONFLICT (id) DO NOTHING;

INSERT INTO public.businesses (id, slug, name) VALUES
('cbdsvetcz-olomouc', 'cbdsvetcz-olomouc', 'Cbdsvetcz Olomouc')
ON CONFLICT (id) DO NOTHING;

INSERT INTO public.businesses (id, slug, name) VALUES
('hempa', 'hempa', 'Hempa')
ON CONFLICT (id) DO NOTHING;

INSERT INTO public.businesses (id, slug, name) VALUES
('canalogy', 'canalogy', 'Canalogy')
ON CONFLICT (id) DO NOTHING;

INSERT INTO public.businesses (id, slug, name) VALUES
('mrbudz-cannabis-shop', 'mrbudz-cannabis-shop', 'Mrbudz Cannabis Shop')
ON CONFLICT (id) DO NOTHING;

INSERT INTO public.businesses (id, slug, name) VALUES
('cbdsvetcz-chomutov', 'cbdsvetcz-chomutov', 'Cbdsvetcz Chomutov')
ON CONFLICT (id) DO NOTHING;

INSERT INTO public.businesses (id, slug, name) VALUES
('konopex-market', 'konopex-market', 'Konopex Market')
ON CONFLICT (id) DO NOTHING;

INSERT INTO public.businesses (id, slug, name) VALUES
('canna-roomz', 'canna-roomz', 'Canna Roomz')
ON CONFLICT (id) DO NOTHING;

INSERT INTO public.businesses (id, slug, name) VALUES
('bonghemia-cannabis-shop', 'bonghemia-cannabis-shop', 'Bonghemia Cannabis Shop')
ON CONFLICT (id) DO NOTHING;

INSERT INTO public.businesses (id, slug, name) VALUES
('cannabis-store', 'cannabis-store', 'Cannabis Store')
ON CONFLICT (id) DO NOTHING;

INSERT INTO public.businesses (id, slug, name) VALUES
('original-cbd-shop', 'original-cbd-shop', 'Original Cbd Shop')
ON CONFLICT (id) DO NOTHING;

INSERT INTO public.businesses (id, slug, name) VALUES
('cbdco', 'cbdco', 'Cbdco')
ON CONFLICT (id) DO NOTHING;

INSERT INTO public.businesses (id, slug, name) VALUES
('coffeeshop-hempo', 'coffeeshop-hempo', 'Coffeeshop Hempo')
ON CONFLICT (id) DO NOTHING;

INSERT INTO public.businesses (id, slug, name) VALUES
('cbd-premium', 'cbd-premium', 'Cbd Premium')
ON CONFLICT (id) DO NOTHING;

INSERT INTO public.businesses (id, slug, name) VALUES
('cbdsvetcz-ostrava', 'cbdsvetcz-ostrava', 'Cbdsvetcz Ostrava')
ON CONFLICT (id) DO NOTHING;

INSERT INTO public.businesses (id, slug, name) VALUES
('konopol-brno', 'konopol-brno', 'Konopol Brno')
ON CONFLICT (id) DO NOTHING;

INSERT INTO public.businesses (id, slug, name) VALUES
('kratom-world-václavské-náměstí', 'kratom-world-václavské-náměstí', 'Kratom World Václavské Náměstí')
ON CONFLICT (id) DO NOTHING;

INSERT INTO public.businesses (id, slug, name) VALUES
('bella-hemp-praha', 'bella-hemp-praha', 'Bella Hemp Praha')
ON CONFLICT (id) DO NOTHING;


-- Insert fake reviews
INSERT INTO public.reviews (business_id, user_id, overall_rating, title, review_text, product_quality_rating, selection_rating, staff_rating, price_rating, atmosphere_rating, status, helpful_count, created_at) VALUES
('legalni-konopicz', '7dbdbd71-1f79-47fc-baed-b25d1406e02f', 5, 'Rychlé vyřízení', 'Navštívil jsem tento obchod poprvé a byl jsem mile překvapen. Personál je velmi vstřícný a ochotný poradit. Produkty jsou kvalitní a ceny přijatelné. Určitě se vrátím.', 5, 4, 5, 4, 5, 'approved', 0, '2025-03-24T12:49:46.785283');

INSERT INTO public.reviews (business_id, user_id, overall_rating, title, review_text, product_quality_rating, selection_rating, staff_rating, price_rating, atmosphere_rating, status, helpful_count, created_at) VALUES
('legalni-konopicz', '626adc6d-746a-49a2-a913-a449c0c9d726', 5, 'Rychlá a spolehlivá služba', 'Jeden z nejlepších CBD obchodů, které jsem navštívil. Široký sortiment, kvalitní produkty a profesionální přístup.', 5, 4, 5, 5, 4, 'approved', 3, '2025-04-26T12:49:46.785304');

INSERT INTO public.reviews (business_id, user_id, overall_rating, title, review_text, product_quality_rating, selection_rating, staff_rating, price_rating, atmosphere_rating, status, helpful_count, created_at) VALUES
('canalogy', 'abeeae2f-3a39-4951-99b3-6767caac1bbb', 4, 'Čisté a upravené', 'Jeden z nejlepších CBD obchodů, které jsem navštívil. Široký sortiment, kvalitní produkty a profesionální přístup.', 3, 4, 5, 4, 5, 'approved', 0, '2025-02-23T12:49:46.785312');

INSERT INTO public.reviews (business_id, user_id, overall_rating, title, review_text, product_quality_rating, selection_rating, staff_rating, price_rating, atmosphere_rating, status, helpful_count, created_at) VALUES
('original-cbd-shop', '38e00617-0f3d-4eb2-8b84-727bf850b212', 5, 'Kvalitní CBD produkty', 'Skvělá zkušenost! Obchod je čistý, personál milý a produkty kvalitní. Doporučuji!', 5, 5, 5, 4, 4, 'approved', 2, '2025-09-22T12:49:46.785320');

INSERT INTO public.reviews (business_id, user_id, overall_rating, title, review_text, product_quality_rating, selection_rating, staff_rating, price_rating, atmosphere_rating, status, helpful_count, created_at) VALUES
('greenhouse-prague', '307efb18-d68c-4c1a-9979-f1775d8703ac', 4, 'Dobré zkušenosti', 'Jsem pravidelný zákazník a mohu jen doporučit. Kvalita produktů je vždy vysoká a personál je příjemný.', 5, 3, 4, 3, 5, 'approved', 1, '2024-11-05T12:49:46.785326');

INSERT INTO public.reviews (business_id, user_id, overall_rating, title, review_text, product_quality_rating, selection_rating, staff_rating, price_rating, atmosphere_rating, status, helpful_count, created_at) VALUES
('cbdsvetcz-olomouc', '0aaa6db9-48f4-46fd-85a5-7b9b8bbd6b74', 4, 'Průměrná zkušenost', 'Velmi doporučuji! Personál je znalý a ochotný poradit. Produkty jsou kvalitní a ceny přijatelné.', 4, 4, 5, 4, 4, 'approved', 3, '2025-10-11T12:49:46.785333');

INSERT INTO public.reviews (business_id, user_id, overall_rating, title, review_text, product_quality_rating, selection_rating, staff_rating, price_rating, atmosphere_rating, status, helpful_count, created_at) VALUES
('hempa', '3be1a5f3-6d97-4526-a11a-67e63e3db644', 3, 'Odborné poradenství', 'Průměrný obchod. Produkty jsou v pořádku, ale výběr by mohl být lepší. Ceny jsou standardní.', 2, 4, 4, 3, 3, 'approved', 1, '2025-10-06T12:49:46.785340');

INSERT INTO public.reviews (business_id, user_id, overall_rating, title, review_text, product_quality_rating, selection_rating, staff_rating, price_rating, atmosphere_rating, status, helpful_count, created_at) VALUES
('kratom-world-václavské-náměstí', '36ffed29-5470-4d61-aa05-1b000f9a1c54', 5, 'Velmi spokojený zákazník', 'Perfektní místo pro nákup CBD produktů. Atmosféra je příjemná, personál profesionální a produkty kvalitní. Jsem velmi spokojený.', 5, 5, 5, 4, 5, 'approved', 6, '2025-05-02T12:49:46.785350');

INSERT INTO public.reviews (business_id, user_id, overall_rating, title, review_text, product_quality_rating, selection_rating, staff_rating, price_rating, atmosphere_rating, status, helpful_count, created_at) VALUES
('cbdsvetcz-chomutov', 'e7d32872-793e-4eb9-a5ef-28dbbdb4b478', 4, 'Odborné poradenství', 'Průměrný obchod. Produkty jsou v pořádku, ale výběr by mohl být lepší. Ceny jsou standardní.', 3, 3, 4, 4, 3, 'approved', 1, '2025-07-28T12:49:46.785360');

INSERT INTO public.reviews (business_id, user_id, overall_rating, title, review_text, product_quality_rating, selection_rating, staff_rating, price_rating, atmosphere_rating, status, helpful_count, created_at) VALUES
('greenhouse-prague', '0cc7f14f-71fb-41ab-ae3d-1836703e379c', 5, 'Doporučuji všem', 'Skvělý obchod s širokým výběrem CBD produktů. Obsluha je profesionální a dokáže poradit s výběrem. Prostředí je příjemné a čisté. Doporučuji!', 5, 5, 4, 4, 5, 'approved', 6, '2024-10-30T12:49:46.785367');

INSERT INTO public.reviews (business_id, user_id, overall_rating, title, review_text, product_quality_rating, selection_rating, staff_rating, price_rating, atmosphere_rating, status, helpful_count, created_at) VALUES
('canalogy', '3fd1cec4-2439-4c19-8302-866a5894e82d', 3, 'Kvalitní sortiment', 'Docela dobrý obchod. Personál je milý, ale někdy musíte chvíli čekat. Produkty jsou kvalitní.', 3, 3, 2, 3, 2, 'approved', 0, '2025-08-03T12:49:46.785373');

INSERT INTO public.reviews (business_id, user_id, overall_rating, title, review_text, product_quality_rating, selection_rating, staff_rating, price_rating, atmosphere_rating, status, helpful_count, created_at) VALUES
('bonghemia-cannabis-shop', 'd44ca2cd-d26f-4242-9ed5-41305e11dac2', 5, 'Odborné poradenství', 'Skvělý obchod s širokým výběrem CBD produktů. Obsluha je profesionální a dokáže poradit s výběrem. Prostředí je příjemné a čisté. Doporučuji!', 5, 5, 4, 5, 4, 'approved', 3, '2025-01-04T12:49:46.785379');

INSERT INTO public.reviews (business_id, user_id, overall_rating, title, review_text, product_quality_rating, selection_rating, staff_rating, price_rating, atmosphere_rating, status, helpful_count, created_at) VALUES
('cbd-premium', 'ac77fa5f-4ba2-4d9b-8e60-7461e639a870', 5, 'Rychlé vyřízení', 'Navštěvuji tento obchod pravidelně a nikdy jsem nebyl zklamán. Kvalita produktů je konzistentní a obsluha vždy příjemná.', 5, 5, 5, 5, 4, 'approved', 3, '2025-09-05T12:49:46.785385');

INSERT INTO public.reviews (business_id, user_id, overall_rating, title, review_text, product_quality_rating, selection_rating, staff_rating, price_rating, atmosphere_rating, status, helpful_count, created_at) VALUES
('kratom-world-kladno', '755992d8-da85-48b5-bdb4-6353ba734ae1', 2, 'Dobrý výběr produktů', 'Obchod je čistý, ale personál není vždy příjemný. Produkty jsou v pořádku, ale nic extra.', 3, 3, 2, 2, 2, 'approved', 0, '2025-08-16T12:49:46.785391');

INSERT INTO public.reviews (business_id, user_id, overall_rating, title, review_text, product_quality_rating, selection_rating, staff_rating, price_rating, atmosphere_rating, status, helpful_count, created_at) VALUES
('breezh', '31ec641b-0b48-4efc-89ae-f0a5bdd63a71', 5, 'Příjemné prostředí', 'Navštěvuji tento obchod pravidelně a nikdy jsem nebyl zklamán. Kvalita produktů je konzistentní a obsluha vždy příjemná.', 5, 4, 4, 5, 5, 'approved', 13, '2025-08-04T12:49:46.785396');

INSERT INTO public.reviews (business_id, user_id, overall_rating, title, review_text, product_quality_rating, selection_rating, staff_rating, price_rating, atmosphere_rating, status, helpful_count, created_at) VALUES
('cbdco', '7355dfba-4106-49fc-aa2a-8dcad02f439d', 5, 'Příjemná atmosféra', 'Skvělá zkušenost! Obchod je čistý, personál milý a produkty kvalitní. Doporučuji!', 5, 5, 5, 5, 4, 'approved', 7, '2025-01-24T12:49:46.785402');

INSERT INTO public.reviews (business_id, user_id, overall_rating, title, review_text, product_quality_rating, selection_rating, staff_rating, price_rating, atmosphere_rating, status, helpful_count, created_at) VALUES
('konopol-brno', '657871f4-c652-41cc-82f9-43819f406239', 5, 'Odborné poradenství', 'Jsem pravidelný zákazník a mohu jen doporučit. Kvalita produktů je vždy vysoká a personál je příjemný.', 5, 4, 5, 4, 5, 'approved', 0, '2025-02-03T12:49:46.785407');

INSERT INTO public.reviews (business_id, user_id, overall_rating, title, review_text, product_quality_rating, selection_rating, staff_rating, price_rating, atmosphere_rating, status, helpful_count, created_at) VALUES
('cbdco', '72d48fab-7784-4edb-8c47-72c6e863a0cb', 4, 'Doporučuji všem', 'Perfektní místo pro nákup CBD. Široký výběr, dobré ceny a profesionální obsluha.', 4, 5, 5, 3, 5, 'approved', 9, '2025-09-30T12:49:46.785415');

INSERT INTO public.reviews (business_id, user_id, overall_rating, title, review_text, product_quality_rating, selection_rating, staff_rating, price_rating, atmosphere_rating, status, helpful_count, created_at) VALUES
('konopol-brno', '9a641acb-f78b-4f20-9a5d-e68333baa196', 5, 'Mohlo by být lepší', 'Už několikrát jsem zde nakupoval a vždy jsem byl spokojený. Kvalita produktů je výborná a ceny jsou férové. Personál je milý a ochotný.', 5, 5, 5, 5, 4, 'approved', 7, '2025-08-08T12:49:46.785422');

INSERT INTO public.reviews (business_id, user_id, overall_rating, title, review_text, product_quality_rating, selection_rating, staff_rating, price_rating, atmosphere_rating, status, helpful_count, created_at) VALUES
('cbd-premium', 'b176a958-98b1-41c3-9677-3740140ac45a', 3, 'Dobré zkušenosti', 'Obchod je čistý a personál slušný. Ceny jsou trochu vyšší, než jsem čekal, ale kvalita je dobrá.', 3, 4, 3, 2, 2, 'approved', 2, '2024-12-16T12:49:46.785427');

INSERT INTO public.reviews (business_id, user_id, overall_rating, title, review_text, product_quality_rating, selection_rating, staff_rating, price_rating, atmosphere_rating, status, helpful_count, created_at) VALUES
('cbdsvetcz-liberec', '15d4bba5-864c-4f61-b202-c9b3e7ab6b66', 5, 'Velmi spokojený zákazník', 'Skvělá zkušenost! Personál je velmi vstřícný a ochotný vysvětlit vše o produktech. Ceny jsou rozumné a kvalita výborná.', 5, 5, 5, 4, 5, 'approved', 1, '2025-04-26T12:49:46.785433');

INSERT INTO public.reviews (business_id, user_id, overall_rating, title, review_text, product_quality_rating, selection_rating, staff_rating, price_rating, atmosphere_rating, status, helpful_count, created_at) VALUES
('original-cbd-shop', 'd4bdff34-c7be-4308-9b20-5e59950c4c20', 5, 'Vrátím se znovu', 'Už několikrát jsem zde nakupoval a vždy jsem byl spokojený. Kvalita produktů je výborná a ceny jsou férové. Personál je milý a ochotný.', 5, 4, 5, 5, 4, 'approved', 1, '2025-09-23T12:49:46.785438');

INSERT INTO public.reviews (business_id, user_id, overall_rating, title, review_text, product_quality_rating, selection_rating, staff_rating, price_rating, atmosphere_rating, status, helpful_count, created_at) VALUES
('cbdsvetcz-chomutov', '76dd0c21-e9f8-41aa-a88f-1668d591ceea', 4, 'Kvalitní CBD produkty', 'Příjemné prostředí, milý personál a kvalitní produkty. Co víc si přát? Určitě se vrátím.', 3, 4, 3, 4, 3, 'approved', 0, '2025-08-08T12:49:46.785443');

INSERT INTO public.reviews (business_id, user_id, overall_rating, title, review_text, product_quality_rating, selection_rating, staff_rating, price_rating, atmosphere_rating, status, helpful_count, created_at) VALUES
('konopex-market', '146c5620-4f9d-465e-a3d3-a63a7df60a85', 5, 'Dobrý výběr produktů', 'Perfektní místo pro nákup CBD. Široký výběr, dobré ceny a profesionální obsluha.', 5, 4, 4, 4, 4, 'approved', 9, '2025-08-15T12:49:46.785449');

INSERT INTO public.reviews (business_id, user_id, overall_rating, title, review_text, product_quality_rating, selection_rating, staff_rating, price_rating, atmosphere_rating, status, helpful_count, created_at) VALUES
('cbdco', '70ff41f6-633e-402a-a0e8-19c96b8f95e4', 5, 'Dobré zkušenosti', 'Skvělá zkušenost! Personál je velmi vstřícný a ochotný vysvětlit vše o produktech. Ceny jsou rozumné a kvalita výborná.', 5, 5, 4, 4, 4, 'approved', 5, '2025-05-20T12:49:46.785454');

INSERT INTO public.reviews (business_id, user_id, overall_rating, title, review_text, product_quality_rating, selection_rating, staff_rating, price_rating, atmosphere_rating, status, helpful_count, created_at) VALUES
('bonghemia-cannabis-shop', '3a34bbdc-ab58-400f-8a10-4e26f8ccb0e6', 5, 'Perfektní zkušenost', 'Navštívil jsem tento obchod poprvé a byl jsem mile překvapen. Personál je velmi vstřícný a ochotný poradit. Produkty jsou kvalitní a ceny přijatelné. Určitě se vrátím.', 5, 4, 5, 5, 4, 'approved', 0, '2025-09-27T12:49:46.785460');

INSERT INTO public.reviews (business_id, user_id, overall_rating, title, review_text, product_quality_rating, selection_rating, staff_rating, price_rating, atmosphere_rating, status, helpful_count, created_at) VALUES
('cbdco', 'e27d2047-db06-4dc3-8622-ed96b2cebb10', 5, 'Široký sortiment', 'Příjemné prostředí, milý personál a kvalitní produkty. Co víc si přát? Určitě se vrátím.', 5, 4, 4, 5, 4, 'approved', 15, '2024-12-22T12:49:46.785465');

INSERT INTO public.reviews (business_id, user_id, overall_rating, title, review_text, product_quality_rating, selection_rating, staff_rating, price_rating, atmosphere_rating, status, helpful_count, created_at) VALUES
('cbdsvetcz-liberec', 'dafdcccb-24c0-407c-b831-5f98d83d4666', 4, 'Nejlepší CBD obchod v okolí', 'Velmi spokojený s nákupem. Personál je znalý a ochotný poradit. Produkty jsou kvalitní.', 5, 4, 4, 4, 3, 'approved', 7, '2025-04-04T12:49:46.785472');

INSERT INTO public.reviews (business_id, user_id, overall_rating, title, review_text, product_quality_rating, selection_rating, staff_rating, price_rating, atmosphere_rating, status, helpful_count, created_at) VALUES
('cbdsvetcz-liberec', '34658c95-5dde-41ec-91af-21dacd6a2b34', 5, 'Doporučuji všem', 'Navštěvuji tento obchod pravidelně a nikdy jsem nebyl zklamán. Kvalita produktů je konzistentní a obsluha vždy příjemná.', 5, 4, 4, 5, 4, 'approved', 8, '2025-02-21T12:49:46.785478');

INSERT INTO public.reviews (business_id, user_id, overall_rating, title, review_text, product_quality_rating, selection_rating, staff_rating, price_rating, atmosphere_rating, status, helpful_count, created_at) VALUES
('cannabis-store', 'f1104fe4-da97-438b-a7c2-5ca9df3b001d', 5, 'Dobré zkušenosti', 'Navštívil jsem tento obchod poprvé a byl jsem mile překvapen. Personál je velmi vstřícný a ochotný poradit. Produkty jsou kvalitní a ceny přijatelné. Určitě se vrátím.', 5, 4, 5, 5, 5, 'approved', 9, '2025-03-28T12:49:46.785483');

INSERT INTO public.reviews (business_id, user_id, overall_rating, title, review_text, product_quality_rating, selection_rating, staff_rating, price_rating, atmosphere_rating, status, helpful_count, created_at) VALUES
('cbdsvetcz-olomouc', '797ee5b8-0e29-442e-ae42-f3c0332456f5', 5, 'Solidní obchod', 'Velmi doporučuji! Personál je znalý a ochotný poradit. Produkty jsou kvalitní a ceny přijatelné.', 5, 5, 4, 5, 5, 'approved', 2, '2025-05-21T12:49:46.785488');

INSERT INTO public.reviews (business_id, user_id, overall_rating, title, review_text, product_quality_rating, selection_rating, staff_rating, price_rating, atmosphere_rating, status, helpful_count, created_at) VALUES
('kratom-world-kladno', 'c4d04795-2777-4179-af9f-0b3de2cf4d98', 5, 'Férové ceny', 'Skvělá zkušenost! Personál je velmi vstřícný a ochotný vysvětlit vše o produktech. Ceny jsou rozumné a kvalita výborná.', 5, 5, 5, 4, 5, 'approved', 4, '2024-11-07T12:49:46.785494');

INSERT INTO public.reviews (business_id, user_id, overall_rating, title, review_text, product_quality_rating, selection_rating, staff_rating, price_rating, atmosphere_rating, status, helpful_count, created_at) VALUES
('cbd-premium', '7f373e8d-1f74-4e90-83c2-b6f7ff22a8c2', 3, 'Rychlé vyřízení', 'Průměrná zkušenost. Produkty jsou v pořádku, ale výběr by mohl být širší. Personál je ochotný.', 2, 3, 2, 3, 2, 'approved', 0, '2025-06-10T12:49:46.785500');

INSERT INTO public.reviews (business_id, user_id, overall_rating, title, review_text, product_quality_rating, selection_rating, staff_rating, price_rating, atmosphere_rating, status, helpful_count, created_at) VALUES
('bonghemia-cannabis-shop', '0d39229f-aec2-48cb-a83a-dd38ee4cc2e9', 4, 'Férové ceny', 'Už několikrát jsem zde nakupoval a vždy jsem byl spokojený. Kvalita produktů je výborná a ceny jsou férové. Personál je milý a ochotný.', 4, 4, 3, 3, 3, 'approved', 7, '2025-01-31T12:49:46.785506');

INSERT INTO public.reviews (business_id, user_id, overall_rating, title, review_text, product_quality_rating, selection_rating, staff_rating, price_rating, atmosphere_rating, status, helpful_count, created_at) VALUES
('original-cbd-shop', '209138d4-14b6-493b-a3b0-fee932bd69bd', 2, 'Doporučuji všem', 'Očekával jsem víc. Ceny jsou vysoké a výběr není tak široký. Personál je slušný.', 2, 3, 2, 2, 2, 'approved', 1, '2025-06-17T12:49:46.785511');

INSERT INTO public.reviews (business_id, user_id, overall_rating, title, review_text, product_quality_rating, selection_rating, staff_rating, price_rating, atmosphere_rating, status, helpful_count, created_at) VALUES
('verasens', 'df12f14c-aa80-49a2-987b-bfa4c026b3f5', 5, 'Doporučuji všem', 'Skvělý obchod s širokým výběrem CBD produktů. Obsluha je profesionální a dokáže poradit s výběrem. Prostředí je příjemné a čisté. Doporučuji!', 5, 5, 5, 5, 5, 'approved', 1, '2025-01-03T12:49:46.785517');

INSERT INTO public.reviews (business_id, user_id, overall_rating, title, review_text, product_quality_rating, selection_rating, staff_rating, price_rating, atmosphere_rating, status, helpful_count, created_at) VALUES
('canalogy', '570ee7b8-c6c9-4b6a-8620-b8d61feb826d', 4, 'Rychlá a spolehlivá služba', 'Solidní místo pro nákup CBD. Nic extra, ale splňuje účel. Personál je v pohodě.', 4, 5, 4, 4, 3, 'approved', 11, '2025-10-09T12:49:46.785522');

INSERT INTO public.reviews (business_id, user_id, overall_rating, title, review_text, product_quality_rating, selection_rating, staff_rating, price_rating, atmosphere_rating, status, helpful_count, created_at) VALUES
('coffeeshop-hempo', 'e81e1694-2886-4d2f-af4c-93fbe9b7e1a1', 4, 'Perfektní zkušenost', 'Perfektní místo pro nákup CBD. Široký výběr, dobré ceny a profesionální obsluha.', 5, 3, 4, 3, 5, 'approved', 6, '2025-06-04T12:49:46.785529');

INSERT INTO public.reviews (business_id, user_id, overall_rating, title, review_text, product_quality_rating, selection_rating, staff_rating, price_rating, atmosphere_rating, status, helpful_count, created_at) VALUES
('verasens', 'd534f0ae-05f6-4d26-b955-07609c1fe1fe', 4, 'Výborná kvalita za dobrou cenu', 'Jeden z nejlepších CBD obchodů, které jsem navštívil. Široký sortiment, kvalitní produkty a profesionální přístup.', 3, 3, 5, 4, 4, 'approved', 5, '2025-04-20T12:49:46.785535');

INSERT INTO public.reviews (business_id, user_id, overall_rating, title, review_text, product_quality_rating, selection_rating, staff_rating, price_rating, atmosphere_rating, status, helpful_count, created_at) VALUES
('cbdsvetcz-ostrava', '2acb1361-3b9d-43e0-b9be-16fe29c12270', 5, 'Spokojenost', 'Navštěvuji tento obchod pravidelně a nikdy jsem nebyl zklamán. Kvalita produktů je konzistentní a obsluha vždy příjemná.', 5, 4, 5, 4, 4, 'approved', 0, '2025-09-23T12:49:46.785541');

INSERT INTO public.reviews (business_id, user_id, overall_rating, title, review_text, product_quality_rating, selection_rating, staff_rating, price_rating, atmosphere_rating, status, helpful_count, created_at) VALUES
('cbdsvetcz-olomouc', '3b37d898-f77b-42f4-baf8-62fd5155cb83', 5, 'Vrátím se znovu', 'Jsem pravidelný zákazník a mohu jen doporučit. Kvalita produktů je vždy vysoká a personál je příjemný.', 5, 5, 4, 4, 5, 'approved', 5, '2025-02-04T12:49:46.785546');

INSERT INTO public.reviews (business_id, user_id, overall_rating, title, review_text, product_quality_rating, selection_rating, staff_rating, price_rating, atmosphere_rating, status, helpful_count, created_at) VALUES
('greenhouse-prague', 'b957fb49-046b-4962-bf32-0fa45dc4f9c8', 5, 'Mohlo by být lepší', 'Jeden z nejlepších CBD obchodů, které jsem navštívil. Široký sortiment, kvalitní produkty a profesionální přístup.', 5, 5, 4, 4, 4, 'approved', 10, '2025-08-19T12:49:46.785551');

INSERT INTO public.reviews (business_id, user_id, overall_rating, title, review_text, product_quality_rating, selection_rating, staff_rating, price_rating, atmosphere_rating, status, helpful_count, created_at) VALUES
('cbdco', '8b3dbd34-1c24-4655-9f92-41b4b27050b2', 5, 'Průměrná zkušenost', 'Jeden z nejlepších CBD obchodů, které jsem navštívil. Široký sortiment, kvalitní produkty a profesionální přístup.', 5, 5, 5, 4, 4, 'approved', 7, '2025-04-08T12:49:46.785557');

INSERT INTO public.reviews (business_id, user_id, overall_rating, title, review_text, product_quality_rating, selection_rating, staff_rating, price_rating, atmosphere_rating, status, helpful_count, created_at) VALUES
('legalni-konopicz', '5b89518c-8b67-403c-a4d6-0ebdd2452d37', 5, 'Rychlé vyřízení', 'Už několikrát jsem zde nakupoval a vždy jsem byl spokojený. Kvalita produktů je výborná a ceny jsou férové. Personál je milý a ochotný.', 5, 5, 5, 5, 5, 'approved', 13, '2025-02-18T12:49:46.785562');

INSERT INTO public.reviews (business_id, user_id, overall_rating, title, review_text, product_quality_rating, selection_rating, staff_rating, price_rating, atmosphere_rating, status, helpful_count, created_at) VALUES
('cbdco', '88921c52-515b-4542-927d-8430ed70a042', 5, 'Dobrý výběr produktů', 'Velmi spokojený s nákupem. Personál je znalý a ochotný poradit. Produkty jsou kvalitní.', 5, 4, 5, 4, 5, 'approved', 13, '2025-05-04T12:49:46.785568');

INSERT INTO public.reviews (business_id, user_id, overall_rating, title, review_text, product_quality_rating, selection_rating, staff_rating, price_rating, atmosphere_rating, status, helpful_count, created_at) VALUES
('canalogy', '00ef8bbc-0e98-46d0-8453-8af2e0beb036', 5, 'Rychlá a spolehlivá služba', 'Tento obchod mohu jen doporučit. Mají velký výběr produktů a personál je velmi znalý. Vždy mi pomůžou vybrat to pravé.', 5, 5, 5, 4, 4, 'approved', 5, '2025-09-03T12:49:46.785573');

INSERT INTO public.reviews (business_id, user_id, overall_rating, title, review_text, product_quality_rating, selection_rating, staff_rating, price_rating, atmosphere_rating, status, helpful_count, created_at) VALUES
('coffeeshop-hempo', '1a4c08a6-5cbb-4ba5-90ce-e011c493d0ea', 5, 'Vrátím se znovu', 'Skvělá zkušenost! Personál je velmi vstřícný a ochotný vysvětlit vše o produktech. Ceny jsou rozumné a kvalita výborná.', 5, 4, 5, 4, 4, 'approved', 2, '2025-07-28T12:49:46.785578');

INSERT INTO public.reviews (business_id, user_id, overall_rating, title, review_text, product_quality_rating, selection_rating, staff_rating, price_rating, atmosphere_rating, status, helpful_count, created_at) VALUES
('original-cbd-shop', '2509d98e-21b2-4bb1-b388-6fe4be9986d5', 4, 'Spokojenost', 'Perfektní místo pro nákup CBD produktů. Atmosféra je příjemná, personál profesionální a produkty kvalitní. Jsem velmi spokojený.', 3, 3, 3, 3, 4, 'approved', 8, '2025-06-27T12:49:46.785588');

INSERT INTO public.reviews (business_id, user_id, overall_rating, title, review_text, product_quality_rating, selection_rating, staff_rating, price_rating, atmosphere_rating, status, helpful_count, created_at) VALUES
('cbdsvetcz-ostrava', '353c0363-dfe3-4ec1-b4fd-8a3838521347', 4, 'Spokojenost', 'Skvělá zkušenost! Personál je velmi vstřícný a ochotný vysvětlit vše o produktech. Ceny jsou rozumné a kvalita výborná.', 5, 3, 4, 4, 3, 'approved', 9, '2025-06-05T12:49:46.785593');

INSERT INTO public.reviews (business_id, user_id, overall_rating, title, review_text, product_quality_rating, selection_rating, staff_rating, price_rating, atmosphere_rating, status, helpful_count, created_at) VALUES
('mrbudz-cannabis-shop', '3a74829b-7202-49ed-827b-73c32d19aaf6', 5, 'Rychlá a spolehlivá služba', 'Už několikrát jsem zde nakupoval a vždy jsem byl spokojený. Kvalita produktů je výborná a ceny jsou férové. Personál je milý a ochotný.', 5, 4, 5, 4, 5, 'approved', 15, '2025-04-08T12:49:46.785599');

INSERT INTO public.reviews (business_id, user_id, overall_rating, title, review_text, product_quality_rating, selection_rating, staff_rating, price_rating, atmosphere_rating, status, helpful_count, created_at) VALUES
('cbdsvetcz-chomutov', 'fe3785ce-d6a5-420d-b28c-19f5f6cf4545', 5, 'Průměrná zkušenost', 'Jsem pravidelný zákazník a mohu jen doporučit. Kvalita produktů je vždy vysoká a personál je příjemný.', 5, 5, 5, 4, 4, 'approved', 6, '2025-03-11T12:49:46.785604');

INSERT INTO public.reviews (business_id, user_id, overall_rating, title, review_text, product_quality_rating, selection_rating, staff_rating, price_rating, atmosphere_rating, status, helpful_count, created_at) VALUES
('coffeeshop-hempo', '78944834-dbfa-47d6-ab2c-998f7bcf7c54', 5, 'Kvalitní CBD produkty', 'Velmi doporučuji! Personál je znalý a ochotný poradit. Produkty jsou kvalitní a ceny přijatelné.', 5, 5, 5, 4, 4, 'approved', 8, '2025-05-30T12:49:46.785610');

INSERT INTO public.reviews (business_id, user_id, overall_rating, title, review_text, product_quality_rating, selection_rating, staff_rating, price_rating, atmosphere_rating, status, helpful_count, created_at) VALUES
('mrbudz-cannabis-shop', 'fb2663a7-475b-4464-a854-3f3308c5455f', 4, 'Vrátím se znovu', 'Průměrná zkušenost. Produkty jsou v pořádku, ale výběr by mohl být širší. Personál je ochotný.', 5, 4, 4, 3, 5, 'approved', 7, '2024-12-05T12:49:46.785615');

INSERT INTO public.reviews (business_id, user_id, overall_rating, title, review_text, product_quality_rating, selection_rating, staff_rating, price_rating, atmosphere_rating, status, helpful_count, created_at) VALUES
('cbdsvetcz-chomutov', 'a27ce7ff-13f0-412e-8647-6db6439c63af', 5, 'Dobrý výběr produktů', 'Příjemné prostředí, milý personál a kvalitní produkty. Co víc si přát? Určitě se vrátím.', 5, 4, 5, 5, 5, 'approved', 0, '2025-08-06T12:49:46.785621');

INSERT INTO public.reviews (business_id, user_id, overall_rating, title, review_text, product_quality_rating, selection_rating, staff_rating, price_rating, atmosphere_rating, status, helpful_count, created_at) VALUES
('cbdco', '5f1542a6-67fd-4343-a2b3-6af158eca5a7', 4, 'Profesionální přístup', 'Navštěvuji tento obchod pravidelně a nikdy jsem nebyl zklamán. Kvalita produktů je konzistentní a obsluha vždy příjemná.', 3, 3, 4, 4, 5, 'approved', 2, '2025-08-05T12:49:46.785626');

INSERT INTO public.reviews (business_id, user_id, overall_rating, title, review_text, product_quality_rating, selection_rating, staff_rating, price_rating, atmosphere_rating, status, helpful_count, created_at) VALUES
('greenhouse-prague', '5e2e33b0-5d0f-4821-b6a6-8e6beead2f6f', 5, 'Doporučuji všem', 'Navštívil jsem tento obchod poprvé a byl jsem mile překvapen. Personál je velmi vstřícný a ochotný poradit. Produkty jsou kvalitní a ceny přijatelné. Určitě se vrátím.', 5, 4, 5, 5, 5, 'approved', 13, '2025-09-26T12:49:46.785632');

INSERT INTO public.reviews (business_id, user_id, overall_rating, title, review_text, product_quality_rating, selection_rating, staff_rating, price_rating, atmosphere_rating, status, helpful_count, created_at) VALUES
('cbdsvetcz-olomouc', '926566c6-bf6f-4ffe-9375-4c4687586fe0', 5, 'Rychlá a spolehlivá služba', 'Skvělý obchod s CBD produkty. Personál je velmi profesionální a vždy ochotný pomoci. Kvalita produktů je vynikající.', 5, 5, 5, 5, 4, 'approved', 7, '2025-01-07T12:49:46.785637');

INSERT INTO public.reviews (business_id, user_id, overall_rating, title, review_text, product_quality_rating, selection_rating, staff_rating, price_rating, atmosphere_rating, status, helpful_count, created_at) VALUES
('mrbudz-cannabis-shop', '00960f04-1a24-4ce2-bb5f-20f962e33c94', 5, 'Skvělé produkty a obsluha', 'Jeden z nejlepších CBD obchodů, které jsem navštívil. Široký sortiment, kvalitní produkty a profesionální přístup.', 5, 5, 4, 5, 4, 'approved', 10, '2025-09-10T12:49:46.785645');

INSERT INTO public.reviews (business_id, user_id, overall_rating, title, review_text, product_quality_rating, selection_rating, staff_rating, price_rating, atmosphere_rating, status, helpful_count, created_at) VALUES
('cbdco', 'af4c909d-1087-4e16-a4ab-8a2e53c11277', 4, 'Příjemné prostředí', 'Perfektní místo pro nákup CBD. Široký výběr, dobré ceny a profesionální obsluha.', 4, 5, 3, 4, 3, 'approved', 5, '2024-11-07T12:49:46.785650');

INSERT INTO public.reviews (business_id, user_id, overall_rating, title, review_text, product_quality_rating, selection_rating, staff_rating, price_rating, atmosphere_rating, status, helpful_count, created_at) VALUES
('cbdsvetcz-ostrava', 'db412945-befe-4b2e-96f2-b7942aa015f4', 4, 'Profesionální přístup', 'Solidní obchod s CBD produkty. Nic špatného, ale ani nic výjimečného. Personál je v pohodě.', 4, 4, 4, 3, 5, 'approved', 3, '2024-11-12T12:49:46.785656');

INSERT INTO public.reviews (business_id, user_id, overall_rating, title, review_text, product_quality_rating, selection_rating, staff_rating, price_rating, atmosphere_rating, status, helpful_count, created_at) VALUES
('hempa', 'cccee849-121e-4926-8c3a-f5d4e80c5d27', 4, 'Kvalitní CBD produkty', 'Skvělý obchod s širokým výběrem CBD produktů. Obsluha je profesionální a dokáže poradit s výběrem. Prostředí je příjemné a čisté. Doporučuji!', 4, 3, 5, 4, 4, 'approved', 15, '2024-10-30T12:49:46.785662');

INSERT INTO public.reviews (business_id, user_id, overall_rating, title, review_text, product_quality_rating, selection_rating, staff_rating, price_rating, atmosphere_rating, status, helpful_count, created_at) VALUES
('original-cbd-shop', '6385d114-36ed-42af-8127-27d9cda4318d', 3, 'Kvalitní CBD produkty', 'Obchod je v pořádku. Personál je slušný, ale ne vždy dostupný. Produkty jsou kvalitní.', 3, 4, 4, 3, 2, 'approved', 3, '2025-02-27T12:49:46.785667');

INSERT INTO public.reviews (business_id, user_id, overall_rating, title, review_text, product_quality_rating, selection_rating, staff_rating, price_rating, atmosphere_rating, status, helpful_count, created_at) VALUES
('konopex-market', 'bb3a4aa1-e198-4719-a2e3-5c439d3ba597', 5, 'Vrátím se znovu', 'Skvělá zkušenost! Obchod je čistý, personál milý a produkty kvalitní. Doporučuji!', 5, 5, 4, 4, 4, 'approved', 1, '2025-06-05T12:49:46.785673');

INSERT INTO public.reviews (business_id, user_id, overall_rating, title, review_text, product_quality_rating, selection_rating, staff_rating, price_rating, atmosphere_rating, status, helpful_count, created_at) VALUES
('bonghemia-cannabis-shop', 'd4efd157-ce88-412e-abf1-6cef776abb1f', 5, 'Rychlá a spolehlivá služba', 'Skvělý obchod s CBD produkty. Personál je velmi profesionální a vždy ochotný pomoci. Kvalita produktů je vynikající.', 5, 4, 5, 5, 5, 'approved', 12, '2025-09-24T12:49:46.785678');

INSERT INTO public.reviews (business_id, user_id, overall_rating, title, review_text, product_quality_rating, selection_rating, staff_rating, price_rating, atmosphere_rating, status, helpful_count, created_at) VALUES
('cbdsvetcz-praha-3', 'e1ca55bb-beca-4744-91d1-59643b13c1f0', 5, 'Milý personál', 'Příjemné prostředí, milý personál a kvalitní produkty. Co víc si přát? Určitě se vrátím.', 5, 5, 5, 5, 4, 'approved', 8, '2025-06-10T12:49:46.785685');

INSERT INTO public.reviews (business_id, user_id, overall_rating, title, review_text, product_quality_rating, selection_rating, staff_rating, price_rating, atmosphere_rating, status, helpful_count, created_at) VALUES
('verasens', '2f926d3e-1778-4010-a300-59805c85583f', 5, 'Čisté a upravené', 'Navštívil jsem tento obchod poprvé a byl jsem mile překvapen. Personál je velmi vstřícný a ochotný poradit. Produkty jsou kvalitní a ceny přijatelné. Určitě se vrátím.', 5, 5, 5, 4, 4, 'approved', 2, '2025-06-21T12:49:46.785691');

INSERT INTO public.reviews (business_id, user_id, overall_rating, title, review_text, product_quality_rating, selection_rating, staff_rating, price_rating, atmosphere_rating, status, helpful_count, created_at) VALUES
('cbdsvetcz-liberec', '7a5d6714-820a-4622-aa29-a9ba65bbb52a', 5, 'Odborné poradenství', 'Jsem pravidelný zákazník a mohu jen doporučit. Kvalita produktů je vždy vysoká a personál je příjemný.', 5, 4, 4, 5, 4, 'approved', 14, '2025-06-26T12:49:46.785696');

INSERT INTO public.reviews (business_id, user_id, overall_rating, title, review_text, product_quality_rating, selection_rating, staff_rating, price_rating, atmosphere_rating, status, helpful_count, created_at) VALUES
('kratom-world-václavské-náměstí', 'ba61cc45-1ffb-4ed5-8646-a441fe129cd6', 5, 'Výborná kvalita za dobrou cenu', 'Perfektní místo pro nákup CBD produktů. Atmosféra je příjemná, personál profesionální a produkty kvalitní. Jsem velmi spokojený.', 5, 5, 5, 4, 5, 'approved', 0, '2025-06-10T12:49:46.785703');

INSERT INTO public.reviews (business_id, user_id, overall_rating, title, review_text, product_quality_rating, selection_rating, staff_rating, price_rating, atmosphere_rating, status, helpful_count, created_at) VALUES
('bella-hemp-praha', '27724050-7a8f-405f-ac25-c592136404f1', 4, 'Spokojenost', 'Solidní místo pro nákup CBD. Nic extra, ale splňuje účel. Personál je v pohodě.', 3, 4, 5, 4, 3, 'approved', 9, '2025-02-28T12:49:46.785709');

INSERT INTO public.reviews (business_id, user_id, overall_rating, title, review_text, product_quality_rating, selection_rating, staff_rating, price_rating, atmosphere_rating, status, helpful_count, created_at) VALUES
('cbdsvetcz-liberec', '51a71fc6-d612-47c0-bd9f-9c7896d467ee', 5, 'Dobrý výběr produktů', 'Skvělá zkušenost! Obchod je čistý, personál milý a produkty kvalitní. Doporučuji!', 5, 4, 5, 5, 4, 'approved', 1, '2025-05-26T12:49:46.785714');

INSERT INTO public.reviews (business_id, user_id, overall_rating, title, review_text, product_quality_rating, selection_rating, staff_rating, price_rating, atmosphere_rating, status, helpful_count, created_at) VALUES
('cbdsvetcz-olomouc', '27c7ad93-1747-4417-996a-9e7059f16e35', 5, 'Kvalitní CBD produkty', 'Jsem pravidelný zákazník a mohu jen doporučit. Kvalita produktů je vždy vysoká a personál je příjemný.', 5, 4, 4, 4, 5, 'approved', 14, '2025-08-17T12:49:46.785720');

INSERT INTO public.reviews (business_id, user_id, overall_rating, title, review_text, product_quality_rating, selection_rating, staff_rating, price_rating, atmosphere_rating, status, helpful_count, created_at) VALUES
('original-cbd-shop', '19977c9c-a787-4722-9706-253c231ae7fe', 5, 'Výborná kvalita za dobrou cenu', 'Jsem pravidelný zákazník a mohu jen doporučit. Kvalita produktů je vždy vysoká a personál je příjemný.', 5, 5, 4, 4, 5, 'approved', 13, '2025-10-06T12:49:46.785725');

INSERT INTO public.reviews (business_id, user_id, overall_rating, title, review_text, product_quality_rating, selection_rating, staff_rating, price_rating, atmosphere_rating, status, helpful_count, created_at) VALUES
('canalogy', '2a21d71b-5d84-41ee-b14d-3da2c6a9511b', 4, 'Férové ceny', 'Perfektní místo pro nákup CBD. Široký výběr, dobré ceny a profesionální obsluha.', 3, 4, 4, 4, 4, 'approved', 10, '2025-08-28T12:49:46.785731');

INSERT INTO public.reviews (business_id, user_id, overall_rating, title, review_text, product_quality_rating, selection_rating, staff_rating, price_rating, atmosphere_rating, status, helpful_count, created_at) VALUES
('coffeeshop-hempo', 'b45a7bf6-7d3f-40d1-ac45-3f9bd068b44e', 4, 'Odborné poradenství', 'Navštívil jsem tento obchod poprvé a byl jsem mile překvapen. Personál je velmi vstřícný a ochotný poradit. Produkty jsou kvalitní a ceny přijatelné. Určitě se vrátím.', 3, 3, 3, 3, 4, 'approved', 8, '2025-02-10T12:49:46.785736');

INSERT INTO public.reviews (business_id, user_id, overall_rating, title, review_text, product_quality_rating, selection_rating, staff_rating, price_rating, atmosphere_rating, status, helpful_count, created_at) VALUES
('original-cbd-shop', '625c2337-77bc-4853-94b7-bfcac8d6a72f', 3, 'Rychlá a spolehlivá služba', 'Solidní místo pro nákup CBD. Nic extra, ale splňuje účel. Personál je v pohodě.', 3, 4, 2, 3, 3, 'approved', 3, '2024-12-05T12:49:46.785742');

INSERT INTO public.reviews (business_id, user_id, overall_rating, title, review_text, product_quality_rating, selection_rating, staff_rating, price_rating, atmosphere_rating, status, helpful_count, created_at) VALUES
('canalogy', 'e5538b76-3d18-42ac-badf-f01344562124', 4, 'Mohlo by být lepší', 'Obchod je v pořádku. Personál je slušný, ale ne vždy dostupný. Produkty jsou kvalitní.', 4, 5, 3, 3, 4, 'approved', 9, '2025-07-18T12:49:46.785748');

INSERT INTO public.reviews (business_id, user_id, overall_rating, title, review_text, product_quality_rating, selection_rating, staff_rating, price_rating, atmosphere_rating, status, helpful_count, created_at) VALUES
('cbdsvetcz-olomouc', '9a0bc9cf-5bcc-40fd-b1a4-08f1c1bc8766', 5, 'Spokojenost', 'Velmi doporučuji! Personál je znalý a ochotný poradit. Produkty jsou kvalitní a ceny přijatelné.', 5, 5, 4, 4, 4, 'approved', 4, '2025-07-20T12:49:46.785753');

INSERT INTO public.reviews (business_id, user_id, overall_rating, title, review_text, product_quality_rating, selection_rating, staff_rating, price_rating, atmosphere_rating, status, helpful_count, created_at) VALUES
('cbdsvetcz-olomouc', 'dae796c1-4e91-4afb-bb96-0d9ab613473a', 3, 'Výborná kvalita za dobrou cenu', 'Obchod je čistý a personál slušný. Ceny jsou trochu vyšší, než jsem čekal, ale kvalita je dobrá.', 4, 3, 3, 2, 2, 'approved', 1, '2025-08-05T12:49:46.785761');

INSERT INTO public.reviews (business_id, user_id, overall_rating, title, review_text, product_quality_rating, selection_rating, staff_rating, price_rating, atmosphere_rating, status, helpful_count, created_at) VALUES
('kratom-world-václavské-náměstí', '94c4d3e9-bb8d-4335-80a2-546bd38cd154', 5, 'Férové ceny', 'Perfektní místo pro nákup CBD produktů. Atmosféra je příjemná, personál profesionální a produkty kvalitní. Jsem velmi spokojený.', 5, 5, 4, 4, 5, 'approved', 14, '2024-11-13T12:49:46.785767');

INSERT INTO public.reviews (business_id, user_id, overall_rating, title, review_text, product_quality_rating, selection_rating, staff_rating, price_rating, atmosphere_rating, status, helpful_count, created_at) VALUES
('cannabis-store', '07a1cf5e-ddbf-4207-9508-e3e2f34bf30d', 3, 'Příjemná atmosféra', 'Obchod je v pořádku, ale nic extra. Personál je slušný, produkty standardní. Ceny jsou průměrné.', 4, 2, 3, 3, 3, 'approved', 3, '2025-07-11T12:49:46.785772');

INSERT INTO public.reviews (business_id, user_id, overall_rating, title, review_text, product_quality_rating, selection_rating, staff_rating, price_rating, atmosphere_rating, status, helpful_count, created_at) VALUES
('mrbudz-cannabis-shop', '3b60cfd0-e1af-49a2-b6c3-8b73df4e47a6', 5, 'Dobrý výběr produktů', 'Skvělá zkušenost! Personál je velmi vstřícný a ochotný vysvětlit vše o produktech. Ceny jsou rozumné a kvalita výborná.', 5, 5, 5, 5, 5, 'approved', 11, '2025-07-22T12:49:46.785778');

INSERT INTO public.reviews (business_id, user_id, overall_rating, title, review_text, product_quality_rating, selection_rating, staff_rating, price_rating, atmosphere_rating, status, helpful_count, created_at) VALUES
('coffeeshop-hempo', 'c0b4074b-16ce-4f2b-a1ea-33f80d7cb080', 4, 'Profesionální přístup', 'Už několikrát jsem zde nakupoval a vždy jsem byl spokojený. Kvalita produktů je výborná a ceny jsou férové. Personál je milý a ochotný.', 4, 4, 5, 3, 4, 'approved', 10, '2025-08-09T12:49:46.785783');

INSERT INTO public.reviews (business_id, user_id, overall_rating, title, review_text, product_quality_rating, selection_rating, staff_rating, price_rating, atmosphere_rating, status, helpful_count, created_at) VALUES
('bella-hemp-praha', 'c1efa386-4e3e-4560-9a11-4afbe05ca3f5', 5, 'Milý personál', 'Jeden z nejlepších CBD obchodů, které jsem navštívil. Široký sortiment, kvalitní produkty a profesionální přístup.', 5, 5, 4, 4, 4, 'approved', 9, '2025-08-07T12:49:46.785788');

INSERT INTO public.reviews (business_id, user_id, overall_rating, title, review_text, product_quality_rating, selection_rating, staff_rating, price_rating, atmosphere_rating, status, helpful_count, created_at) VALUES
('canna-roomz', '46dbb731-90a7-4363-bb8f-8d16e7aa9c45', 4, 'Odborné poradenství', 'Docela dobrý obchod. Personál je milý, ale někdy musíte chvíli čekat. Produkty jsou kvalitní.', 3, 5, 4, 4, 5, 'approved', 9, '2025-01-05T12:49:46.785794');

INSERT INTO public.reviews (business_id, user_id, overall_rating, title, review_text, product_quality_rating, selection_rating, staff_rating, price_rating, atmosphere_rating, status, helpful_count, created_at) VALUES
('kratom-world-václavské-náměstí', '38e9e726-b212-4b0c-94dc-2a0e7aa8eb59', 2, 'Vrátím se znovu', 'Očekával jsem víc. Ceny jsou vysoké a výběr není tak široký. Personál je slušný.', 2, 3, 2, 2, 3, 'approved', 0, '2025-10-12T12:49:46.785799');

INSERT INTO public.reviews (business_id, user_id, overall_rating, title, review_text, product_quality_rating, selection_rating, staff_rating, price_rating, atmosphere_rating, status, helpful_count, created_at) VALUES
('bonghemia-cannabis-shop', '87443e26-912b-4a7d-bc23-96b35d246b06', 5, 'Odborné poradenství', 'Perfektní místo pro nákup CBD produktů. Atmosféra je příjemná, personál profesionální a produkty kvalitní. Jsem velmi spokojený.', 5, 5, 4, 5, 5, 'approved', 9, '2025-04-16T12:49:46.785804');

INSERT INTO public.reviews (business_id, user_id, overall_rating, title, review_text, product_quality_rating, selection_rating, staff_rating, price_rating, atmosphere_rating, status, helpful_count, created_at) VALUES
('konopol-brno', '6d18ca84-d7f1-4c42-afd9-3e92ecfbfa76', 5, 'Vrátím se znovu', 'Navštěvuji tento obchod pravidelně a nikdy jsem nebyl zklamán. Kvalita produktů je konzistentní a obsluha vždy příjemná.', 5, 5, 5, 4, 4, 'approved', 12, '2025-08-03T12:49:46.785810');

INSERT INTO public.reviews (business_id, user_id, overall_rating, title, review_text, product_quality_rating, selection_rating, staff_rating, price_rating, atmosphere_rating, status, helpful_count, created_at) VALUES
('breezh', 'fac969f5-1b2e-4cdb-bed3-5f1f1189c116', 5, 'Výborná kvalita za dobrou cenu', 'Už několikrát jsem zde nakupoval a vždy jsem byl spokojený. Kvalita produktů je výborná a ceny jsou férové. Personál je milý a ochotný.', 5, 4, 4, 4, 4, 'approved', 15, '2025-05-14T12:49:46.785818');

INSERT INTO public.reviews (business_id, user_id, overall_rating, title, review_text, product_quality_rating, selection_rating, staff_rating, price_rating, atmosphere_rating, status, helpful_count, created_at) VALUES
('bella-hemp-praha', '5d6488b0-11e5-441c-90a3-820253625ff5', 5, 'Příjemné prostředí', 'Jeden z nejlepších CBD obchodů, které jsem navštívil. Široký sortiment, kvalitní produkty a profesionální přístup.', 5, 4, 5, 5, 4, 'approved', 5, '2025-02-17T12:49:46.785823');

INSERT INTO public.reviews (business_id, user_id, overall_rating, title, review_text, product_quality_rating, selection_rating, staff_rating, price_rating, atmosphere_rating, status, helpful_count, created_at) VALUES
('verasens', '1057acad-69eb-4709-83e7-2147d523f16d', 5, 'Profesionální přístup', 'Příjemné prostředí, milý personál a kvalitní produkty. Co víc si přát? Určitě se vrátím.', 5, 4, 4, 4, 5, 'approved', 0, '2025-03-30T12:49:46.785828');

INSERT INTO public.reviews (business_id, user_id, overall_rating, title, review_text, product_quality_rating, selection_rating, staff_rating, price_rating, atmosphere_rating, status, helpful_count, created_at) VALUES
('legalni-konopicz', '52cf582e-5f3b-474b-bc04-9a08e6d2f3a5', 5, 'Dobré zkušenosti', 'Skvělá zkušenost! Obchod je čistý, personál milý a produkty kvalitní. Doporučuji!', 5, 5, 4, 4, 4, 'approved', 12, '2025-04-25T12:49:46.785833');

INSERT INTO public.reviews (business_id, user_id, overall_rating, title, review_text, product_quality_rating, selection_rating, staff_rating, price_rating, atmosphere_rating, status, helpful_count, created_at) VALUES
('cbdsvetcz-olomouc', 'e4d18074-0a06-44fb-a86a-0ffa2b22fa82', 4, 'Profesionální přístup', 'Průměrný obchod. Produkty jsou v pořádku, ale výběr by mohl být lepší. Ceny jsou standardní.', 4, 5, 4, 4, 5, 'approved', 0, '2025-04-03T12:49:46.785839');

INSERT INTO public.reviews (business_id, user_id, overall_rating, title, review_text, product_quality_rating, selection_rating, staff_rating, price_rating, atmosphere_rating, status, helpful_count, created_at) VALUES
('euphoria', 'f94da341-f6f1-40ce-b7a4-4415e71c06d1', 4, 'Dobré zkušenosti', 'Průměrný obchod. Produkty jsou v pořádku, ale výběr by mohl být lepší. Ceny jsou standardní.', 5, 5, 5, 3, 5, 'approved', 8, '2024-12-29T12:49:46.785844');

INSERT INTO public.reviews (business_id, user_id, overall_rating, title, review_text, product_quality_rating, selection_rating, staff_rating, price_rating, atmosphere_rating, status, helpful_count, created_at) VALUES
('verasens', '056ed92e-849f-4cb8-8df0-1caaeafcec3c', 2, 'Dobrý výběr produktů', 'Obchod je v pořádku, ale ceny jsou trochu vysoké. Personál je slušný, ale ne vždy ochotný poradit.', 2, 2, 3, 2, 2, 'approved', 2, '2025-02-09T12:49:46.785850');

INSERT INTO public.reviews (business_id, user_id, overall_rating, title, review_text, product_quality_rating, selection_rating, staff_rating, price_rating, atmosphere_rating, status, helpful_count, created_at) VALUES
('cbdsvetcz-chomutov', 'dd061639-a407-48b0-a614-2f9bd8832834', 5, 'Čisté a upravené', 'Jeden z nejlepších CBD obchodů, které jsem navštívil. Široký sortiment, kvalitní produkty a profesionální přístup.', 5, 4, 5, 5, 5, 'approved', 8, '2024-11-18T12:49:46.785856');

INSERT INTO public.reviews (business_id, user_id, overall_rating, title, review_text, product_quality_rating, selection_rating, staff_rating, price_rating, atmosphere_rating, status, helpful_count, created_at) VALUES
('cbdsvetcz-praha-3', '6e82f1e2-bf99-440c-a8ed-0dc431c6d75e', 5, 'Solidní obchod', 'Skvělá zkušenost! Personál je velmi vstřícný a ochotný vysvětlit vše o produktech. Ceny jsou rozumné a kvalita výborná.', 5, 5, 4, 5, 5, 'approved', 7, '2024-11-06T12:49:46.785861');

INSERT INTO public.reviews (business_id, user_id, overall_rating, title, review_text, product_quality_rating, selection_rating, staff_rating, price_rating, atmosphere_rating, status, helpful_count, created_at) VALUES
('cbdsvetcz-praha-3', 'ebc867b0-ed54-4e90-85f0-10253fb48e0d', 4, 'Skvělé produkty a obsluha', 'Velmi doporučuji! Personál je znalý a ochotný poradit. Produkty jsou kvalitní a ceny přijatelné.', 5, 5, 5, 3, 3, 'approved', 1, '2025-01-09T12:49:46.785866');

INSERT INTO public.reviews (business_id, user_id, overall_rating, title, review_text, product_quality_rating, selection_rating, staff_rating, price_rating, atmosphere_rating, status, helpful_count, created_at) VALUES
('bella-hemp-praha', '8d666552-d171-44c6-85f7-cc3446bc4c5e', 5, 'Rychlé vyřízení', 'Velmi spokojený s nákupem. Personál je znalý a ochotný poradit. Produkty jsou kvalitní.', 5, 5, 4, 4, 5, 'approved', 12, '2025-01-01T12:49:46.785874');

INSERT INTO public.reviews (business_id, user_id, overall_rating, title, review_text, product_quality_rating, selection_rating, staff_rating, price_rating, atmosphere_rating, status, helpful_count, created_at) VALUES
('euphoria', 'ee1ce41e-4e12-4436-b7a5-e4b33d67a5ef', 5, 'Příjemná atmosféra', 'Perfektní místo pro nákup CBD produktů. Atmosféra je příjemná, personál profesionální a produkty kvalitní. Jsem velmi spokojený.', 5, 5, 5, 4, 4, 'approved', 14, '2024-12-30T12:49:46.785879');

INSERT INTO public.reviews (business_id, user_id, overall_rating, title, review_text, product_quality_rating, selection_rating, staff_rating, price_rating, atmosphere_rating, status, helpful_count, created_at) VALUES
('cbdsvetcz-chomutov', 'fa814622-364e-4c56-9902-d46d81262a97', 4, 'Mohlo by být lepší', 'Skvělá zkušenost! Personál je velmi vstřícný a ochotný vysvětlit vše o produktech. Ceny jsou rozumné a kvalita výborná.', 3, 5, 4, 4, 3, 'approved', 4, '2025-02-12T12:49:46.785888');

INSERT INTO public.reviews (business_id, user_id, overall_rating, title, review_text, product_quality_rating, selection_rating, staff_rating, price_rating, atmosphere_rating, status, helpful_count, created_at) VALUES
('kratom-world-václavské-náměstí', '0047fee8-7659-4276-9c47-94e1e39e47a3', 3, 'Doporučuji všem', 'Obchod je čistý a personál slušný. Ceny jsou trochu vyšší, než jsem čekal, ale kvalita je dobrá.', 3, 4, 2, 2, 4, 'approved', 0, '2025-04-05T12:49:46.785894');

INSERT INTO public.reviews (business_id, user_id, overall_rating, title, review_text, product_quality_rating, selection_rating, staff_rating, price_rating, atmosphere_rating, status, helpful_count, created_at) VALUES
('breezh', '1e6ffebf-29b4-4d7f-909d-801d73cb2f90', 5, 'Doporučuji všem', 'Navštívil jsem tento obchod poprvé a byl jsem mile překvapen. Personál je velmi vstřícný a ochotný poradit. Produkty jsou kvalitní a ceny přijatelné. Určitě se vrátím.', 5, 4, 5, 4, 5, 'approved', 3, '2025-03-31T12:49:46.785900');

INSERT INTO public.reviews (business_id, user_id, overall_rating, title, review_text, product_quality_rating, selection_rating, staff_rating, price_rating, atmosphere_rating, status, helpful_count, created_at) VALUES
('cbdsvetcz-liberec', '46a012bc-218f-46c1-8d73-cbf15e6eaa3e', 5, 'Vrátím se znovu', 'Tento obchod mohu jen doporučit. Mají velký výběr produktů a personál je velmi znalý. Vždy mi pomůžou vybrat to pravé.', 5, 5, 5, 4, 4, 'approved', 0, '2025-01-15T12:49:46.785906');

INSERT INTO public.reviews (business_id, user_id, overall_rating, title, review_text, product_quality_rating, selection_rating, staff_rating, price_rating, atmosphere_rating, status, helpful_count, created_at) VALUES
('cbdsvetcz-olomouc', '8358f18b-bb1c-46af-85ed-122732f3e2e4', 5, 'Solidní obchod', 'Navštěvuji tento obchod pravidelně a nikdy jsem nebyl zklamán. Kvalita produktů je konzistentní a obsluha vždy příjemná.', 5, 4, 5, 5, 5, 'approved', 15, '2024-11-06T12:49:46.785911');

INSERT INTO public.reviews (business_id, user_id, overall_rating, title, review_text, product_quality_rating, selection_rating, staff_rating, price_rating, atmosphere_rating, status, helpful_count, created_at) VALUES
('kratom-world-václavské-náměstí', '34ca1054-8a5f-46e1-8571-f3d9bf838834', 3, 'Odborné poradenství', 'Obchod je čistý a personál slušný. Ceny jsou trochu vyšší, než jsem čekal, ale kvalita je dobrá.', 4, 4, 4, 2, 4, 'approved', 2, '2025-03-04T12:49:46.785916');

INSERT INTO public.reviews (business_id, user_id, overall_rating, title, review_text, product_quality_rating, selection_rating, staff_rating, price_rating, atmosphere_rating, status, helpful_count, created_at) VALUES
('cbdsvetcz-praha-3', '822b7058-535f-4970-8d6f-cc8b1b83d09b', 4, 'Milý personál', 'Navštívil jsem tento obchod poprvé a byl jsem mile překvapen. Personál je velmi vstřícný a ochotný poradit. Produkty jsou kvalitní a ceny přijatelné. Určitě se vrátím.', 5, 5, 3, 4, 3, 'approved', 12, '2024-11-22T12:49:46.785922');

INSERT INTO public.reviews (business_id, user_id, overall_rating, title, review_text, product_quality_rating, selection_rating, staff_rating, price_rating, atmosphere_rating, status, helpful_count, created_at) VALUES
('cbdsvetcz-chomutov', 'c327b851-877d-4c3a-b2eb-47841720f849', 4, 'Milý personál', 'Docela dobrý obchod. Personál je milý, ale někdy musíte chvíli čekat. Produkty jsou kvalitní.', 3, 4, 4, 3, 5, 'approved', 9, '2025-01-05T12:49:46.785928');

INSERT INTO public.reviews (business_id, user_id, overall_rating, title, review_text, product_quality_rating, selection_rating, staff_rating, price_rating, atmosphere_rating, status, helpful_count, created_at) VALUES
('konopol-brno', 'ac74c57e-7476-462b-8b02-2c910bf770eb', 5, 'Skvělé produkty a obsluha', 'Skvělý obchod s CBD produkty. Personál je velmi profesionální a vždy ochotný pomoci. Kvalita produktů je vynikající.', 5, 5, 4, 4, 4, 'approved', 12, '2025-03-06T12:49:46.785936');

INSERT INTO public.reviews (business_id, user_id, overall_rating, title, review_text, product_quality_rating, selection_rating, staff_rating, price_rating, atmosphere_rating, status, helpful_count, created_at) VALUES
('coffeeshop-hempo', '47b12dea-dfe8-4f18-9c23-97006b0f8f16', 5, 'Férové ceny', 'Jsem pravidelný zákazník a mohu jen doporučit. Kvalita produktů je vždy vysoká a personál je příjemný.', 5, 4, 5, 5, 5, 'approved', 4, '2025-02-22T12:49:46.785942');

INSERT INTO public.reviews (business_id, user_id, overall_rating, title, review_text, product_quality_rating, selection_rating, staff_rating, price_rating, atmosphere_rating, status, helpful_count, created_at) VALUES
('bella-hemp-praha', '5f938889-44fe-412a-9f82-d725dfda99a6', 5, 'Vrátím se znovu', 'Skvělá zkušenost! Personál je velmi vstřícný a ochotný vysvětlit vše o produktech. Ceny jsou rozumné a kvalita výborná.', 5, 5, 4, 5, 4, 'approved', 15, '2025-04-22T12:49:46.785947');

INSERT INTO public.reviews (business_id, user_id, overall_rating, title, review_text, product_quality_rating, selection_rating, staff_rating, price_rating, atmosphere_rating, status, helpful_count, created_at) VALUES
('bonghemia-cannabis-shop', '45bb8aca-3cf0-476d-b113-270904cff55a', 3, 'Průměrná zkušenost', 'Obchod je v pořádku. Personál je slušný, ale ne vždy dostupný. Produkty jsou kvalitní.', 3, 4, 3, 2, 3, 'approved', 2, '2025-10-06T12:49:46.785953');

INSERT INTO public.reviews (business_id, user_id, overall_rating, title, review_text, product_quality_rating, selection_rating, staff_rating, price_rating, atmosphere_rating, status, helpful_count, created_at) VALUES
('euphoria', 'b7000ed9-38aa-4369-b580-9e1552b7ebda', 5, 'Dobré zkušenosti', 'Jsem pravidelný zákazník a mohu jen doporučit. Kvalita produktů je vždy vysoká a personál je příjemný.', 5, 4, 4, 5, 4, 'approved', 8, '2025-08-27T12:49:46.785959');

INSERT INTO public.reviews (business_id, user_id, overall_rating, title, review_text, product_quality_rating, selection_rating, staff_rating, price_rating, atmosphere_rating, status, helpful_count, created_at) VALUES
('cbdsvetcz-ostrava', '30ffc67c-5549-45fb-a14c-20b5c86c2e1b', 5, 'Perfektní zkušenost', 'Velmi spokojený s nákupem. Personál je znalý a ochotný poradit. Produkty jsou kvalitní.', 5, 5, 5, 4, 4, 'approved', 0, '2025-04-12T12:49:46.785964');

INSERT INTO public.reviews (business_id, user_id, overall_rating, title, review_text, product_quality_rating, selection_rating, staff_rating, price_rating, atmosphere_rating, status, helpful_count, created_at) VALUES
('hempa', '4a8d071e-d32d-482c-a67d-aea2c744decf', 4, 'Rychlá a spolehlivá služba', 'Už několikrát jsem zde nakupoval a vždy jsem byl spokojený. Kvalita produktů je výborná a ceny jsou férové. Personál je milý a ochotný.', 5, 3, 5, 3, 3, 'approved', 13, '2024-12-12T12:49:46.785970');

INSERT INTO public.reviews (business_id, user_id, overall_rating, title, review_text, product_quality_rating, selection_rating, staff_rating, price_rating, atmosphere_rating, status, helpful_count, created_at) VALUES
('breezh', '5ac3b93c-8932-42cd-bcce-345835707bef', 5, 'Příjemné prostředí', 'Jsem pravidelný zákazník a mohu jen doporučit. Kvalita produktů je vždy vysoká a personál je příjemný.', 5, 5, 5, 5, 4, 'approved', 13, '2025-01-03T12:49:46.785975');

INSERT INTO public.reviews (business_id, user_id, overall_rating, title, review_text, product_quality_rating, selection_rating, staff_rating, price_rating, atmosphere_rating, status, helpful_count, created_at) VALUES
('mrbudz-cannabis-shop', '1afddd96-9137-4809-b9eb-45e826e78ad5', 5, 'Spokojenost', 'Navštěvuji tento obchod pravidelně a nikdy jsem nebyl zklamán. Kvalita produktů je konzistentní a obsluha vždy příjemná.', 5, 4, 4, 4, 4, 'approved', 8, '2025-10-08T12:49:46.785981');

INSERT INTO public.reviews (business_id, user_id, overall_rating, title, review_text, product_quality_rating, selection_rating, staff_rating, price_rating, atmosphere_rating, status, helpful_count, created_at) VALUES
('cannabis-store', 'f667a4f9-7e8f-4dad-9894-a7c8cc67a983', 5, 'Spokojenost', 'Perfektní místo pro nákup CBD. Široký výběr, dobré ceny a profesionální obsluha.', 5, 4, 4, 5, 5, 'approved', 9, '2025-03-19T12:49:46.785986');

INSERT INTO public.reviews (business_id, user_id, overall_rating, title, review_text, product_quality_rating, selection_rating, staff_rating, price_rating, atmosphere_rating, status, helpful_count, created_at) VALUES
('cbdsvetcz-liberec', 'afb92183-7c5d-47b1-ad53-0bab51d3301f', 5, 'Solidní obchod', 'Perfektní místo pro nákup CBD. Široký výběr, dobré ceny a profesionální obsluha.', 5, 5, 4, 4, 5, 'approved', 13, '2025-09-14T12:49:46.785994');

INSERT INTO public.reviews (business_id, user_id, overall_rating, title, review_text, product_quality_rating, selection_rating, staff_rating, price_rating, atmosphere_rating, status, helpful_count, created_at) VALUES
('bonghemia-cannabis-shop', 'a50dbd38-09a4-4c5a-a154-eb08ce0d2727', 5, 'Férové ceny', 'Velmi spokojený s nákupem. Personál je znalý a ochotný poradit. Produkty jsou kvalitní.', 5, 4, 4, 5, 4, 'approved', 7, '2025-07-19T12:49:46.785999');

INSERT INTO public.reviews (business_id, user_id, overall_rating, title, review_text, product_quality_rating, selection_rating, staff_rating, price_rating, atmosphere_rating, status, helpful_count, created_at) VALUES
('hempa', '66b47dcf-29f2-4c80-bea1-f25633fc2aa1', 5, 'Nejlepší CBD obchod v okolí', 'Jsem pravidelný zákazník a mohu jen doporučit. Kvalita produktů je vždy vysoká a personál je příjemný.', 5, 5, 4, 5, 4, 'approved', 9, '2025-08-15T12:49:46.786004');

INSERT INTO public.reviews (business_id, user_id, overall_rating, title, review_text, product_quality_rating, selection_rating, staff_rating, price_rating, atmosphere_rating, status, helpful_count, created_at) VALUES
('bonghemia-cannabis-shop', '7aa68706-202c-4d1b-b22d-fbe7c094c422', 5, 'Výborná kvalita za dobrou cenu', 'Skvělá zkušenost! Personál je velmi vstřícný a ochotný vysvětlit vše o produktech. Ceny jsou rozumné a kvalita výborná.', 5, 5, 4, 5, 4, 'approved', 6, '2025-07-09T12:49:46.786028');

INSERT INTO public.reviews (business_id, user_id, overall_rating, title, review_text, product_quality_rating, selection_rating, staff_rating, price_rating, atmosphere_rating, status, helpful_count, created_at) VALUES
('greenhouse-prague', '645295d6-703a-4034-89b8-9d8da40ee6b0', 5, 'Rychlá a spolehlivá služba', 'Skvělá zkušenost! Obchod je čistý, personál milý a produkty kvalitní. Doporučuji!', 5, 5, 4, 5, 5, 'approved', 14, '2025-09-25T12:49:46.786034');

INSERT INTO public.reviews (business_id, user_id, overall_rating, title, review_text, product_quality_rating, selection_rating, staff_rating, price_rating, atmosphere_rating, status, helpful_count, created_at) VALUES
('konopol-brno', '0a080d05-a364-4a3a-91c7-65ffa8a0eace', 5, 'Velmi spokojený zákazník', 'Tento obchod mohu jen doporučit. Mají velký výběr produktů a personál je velmi znalý. Vždy mi pomůžou vybrat to pravé.', 5, 5, 5, 4, 4, 'approved', 8, '2025-04-08T12:49:46.786039');

INSERT INTO public.reviews (business_id, user_id, overall_rating, title, review_text, product_quality_rating, selection_rating, staff_rating, price_rating, atmosphere_rating, status, helpful_count, created_at) VALUES
('cbdsvetcz-ostrava', '7c4e853f-ed80-4187-870f-b85b2c289824', 2, 'Nejlepší CBD obchod v okolí', 'Očekával jsem víc. Ceny jsou vysoké a výběr není tak široký. Personál je slušný.', 3, 3, 3, 2, 2, 'approved', 2, '2025-07-01T12:49:46.786044');

INSERT INTO public.reviews (business_id, user_id, overall_rating, title, review_text, product_quality_rating, selection_rating, staff_rating, price_rating, atmosphere_rating, status, helpful_count, created_at) VALUES
('cbdsvetcz-olomouc', 'ff195e0f-f283-4bcf-b5d1-b24ca1b0dfd1', 5, 'Odborné poradenství', 'Skvělý obchod s CBD produkty. Personál je velmi profesionální a vždy ochotný pomoci. Kvalita produktů je vynikající.', 5, 4, 4, 4, 5, 'approved', 9, '2025-09-04T12:49:46.786050');

INSERT INTO public.reviews (business_id, user_id, overall_rating, title, review_text, product_quality_rating, selection_rating, staff_rating, price_rating, atmosphere_rating, status, helpful_count, created_at) VALUES
('cbdco', 'c2d886e7-6e70-490c-b8fc-2ef1e0447eb1', 4, 'Doporučuji všem', 'Perfektní místo pro nákup CBD produktů. Atmosféra je příjemná, personál profesionální a produkty kvalitní. Jsem velmi spokojený.', 4, 5, 3, 4, 3, 'approved', 11, '2024-12-25T12:49:46.786055');

INSERT INTO public.reviews (business_id, user_id, overall_rating, title, review_text, product_quality_rating, selection_rating, staff_rating, price_rating, atmosphere_rating, status, helpful_count, created_at) VALUES
('canna-roomz', 'a8fd6bb1-37c4-45c4-8a41-e504529ea0f6', 5, 'Profesionální přístup', 'Navštívil jsem tento obchod poprvé a byl jsem mile překvapen. Personál je velmi vstřícný a ochotný poradit. Produkty jsou kvalitní a ceny přijatelné. Určitě se vrátím.', 5, 5, 4, 5, 5, 'approved', 9, '2025-09-03T12:49:46.786063');

INSERT INTO public.reviews (business_id, user_id, overall_rating, title, review_text, product_quality_rating, selection_rating, staff_rating, price_rating, atmosphere_rating, status, helpful_count, created_at) VALUES
('canalogy', 'c4da1e6b-918d-4a59-a64b-ecfeef69e6be', 2, 'Průměrná zkušenost', 'Obchod je čistý, ale personál není vždy příjemný. Produkty jsou v pořádku, ale nic extra.', 2, 3, 2, 2, 3, 'approved', 1, '2025-05-22T12:49:46.786073');

INSERT INTO public.reviews (business_id, user_id, overall_rating, title, review_text, product_quality_rating, selection_rating, staff_rating, price_rating, atmosphere_rating, status, helpful_count, created_at) VALUES
('cbdsvetcz-praha-3', '24d5bb73-b8b9-405c-a7e5-d737cc9c66ae', 3, 'Solidní obchod', 'Solidní obchod s CBD produkty. Nic špatného, ale ani nic výjimečného. Personál je v pohodě.', 3, 2, 3, 3, 2, 'approved', 1, '2025-09-08T12:49:46.786096');

INSERT INTO public.reviews (business_id, user_id, overall_rating, title, review_text, product_quality_rating, selection_rating, staff_rating, price_rating, atmosphere_rating, status, helpful_count, created_at) VALUES
('canalogy', 'e3fd34e1-cad4-43ae-a276-e33e96735363', 5, 'Skvělé produkty a obsluha', 'Navštěvuji tento obchod pravidelně a nikdy jsem nebyl zklamán. Kvalita produktů je konzistentní a obsluha vždy příjemná.', 5, 5, 5, 5, 4, 'approved', 14, '2025-08-20T12:49:46.786106');

INSERT INTO public.reviews (business_id, user_id, overall_rating, title, review_text, product_quality_rating, selection_rating, staff_rating, price_rating, atmosphere_rating, status, helpful_count, created_at) VALUES
('original-cbd-shop', '5318c04b-c291-49d3-a684-6e43ff1e6100', 5, 'Spokojenost', 'Navštěvuji tento obchod pravidelně a nikdy jsem nebyl zklamán. Kvalita produktů je konzistentní a obsluha vždy příjemná.', 5, 5, 4, 5, 5, 'approved', 13, '2025-04-01T12:49:46.786114');

INSERT INTO public.reviews (business_id, user_id, overall_rating, title, review_text, product_quality_rating, selection_rating, staff_rating, price_rating, atmosphere_rating, status, helpful_count, created_at) VALUES
('cannabis-store', '66bff26d-119a-4c6f-b15d-6dd969e47723', 5, 'Nejlepší CBD obchod v okolí', 'Skvělá zkušenost! Obchod je čistý, personál milý a produkty kvalitní. Doporučuji!', 5, 4, 5, 5, 5, 'approved', 2, '2025-06-27T12:49:46.786123');

INSERT INTO public.reviews (business_id, user_id, overall_rating, title, review_text, product_quality_rating, selection_rating, staff_rating, price_rating, atmosphere_rating, status, helpful_count, created_at) VALUES
('coffeeshop-hempo', '9c0b526e-1d0a-4406-94fc-41eaf45009f1', 5, 'Kvalitní sortiment', 'Skvělá zkušenost! Obchod je čistý, personál milý a produkty kvalitní. Doporučuji!', 5, 5, 5, 4, 4, 'approved', 3, '2025-07-22T12:49:46.786131');

INSERT INTO public.reviews (business_id, user_id, overall_rating, title, review_text, product_quality_rating, selection_rating, staff_rating, price_rating, atmosphere_rating, status, helpful_count, created_at) VALUES
('greenhouse-prague', '5db374a4-21be-4c5a-80cb-13c41f936c26', 4, 'Profesionální přístup', 'Průměrná zkušenost. Produkty jsou v pořádku, ale výběr by mohl být širší. Personál je ochotný.', 3, 3, 5, 4, 3, 'approved', 13, '2025-02-03T12:49:46.786138');

INSERT INTO public.reviews (business_id, user_id, overall_rating, title, review_text, product_quality_rating, selection_rating, staff_rating, price_rating, atmosphere_rating, status, helpful_count, created_at) VALUES
('kratom-world-václavské-náměstí', 'd15de773-8080-4341-b878-df2720277384', 3, 'Spokojenost', 'Solidní místo pro nákup CBD. Nic extra, ale splňuje účel. Personál je v pohodě.', 4, 2, 3, 2, 3, 'approved', 0, '2024-12-12T12:49:46.786146');

INSERT INTO public.reviews (business_id, user_id, overall_rating, title, review_text, product_quality_rating, selection_rating, staff_rating, price_rating, atmosphere_rating, status, helpful_count, created_at) VALUES
('konopol-brno', '776aa7da-acc5-4f1d-8494-11040aa1e7e2', 4, 'Výborná kvalita za dobrou cenu', 'Skvělý obchod s CBD produkty. Personál je velmi profesionální a vždy ochotný pomoci. Kvalita produktů je vynikající.', 4, 5, 5, 4, 3, 'approved', 3, '2025-04-13T12:49:46.786155');

INSERT INTO public.reviews (business_id, user_id, overall_rating, title, review_text, product_quality_rating, selection_rating, staff_rating, price_rating, atmosphere_rating, status, helpful_count, created_at) VALUES
('mrbudz-cannabis-shop', 'e3e3a0e5-fcbd-4c04-af4e-5e7fdf4931b3', 5, 'Kvalitní sortiment', 'Příjemné prostředí, milý personál a kvalitní produkty. Co víc si přát? Určitě se vrátím.', 5, 4, 4, 5, 5, 'approved', 6, '2025-05-25T12:49:46.786163');

INSERT INTO public.reviews (business_id, user_id, overall_rating, title, review_text, product_quality_rating, selection_rating, staff_rating, price_rating, atmosphere_rating, status, helpful_count, created_at) VALUES
('cbd-premium', '399a921a-66a0-44ab-b02d-0a3285217264', 5, 'Vrátím se znovu', 'Skvělý obchod s CBD produkty. Personál je velmi profesionální a vždy ochotný pomoci. Kvalita produktů je vynikající.', 5, 5, 4, 5, 4, 'approved', 12, '2025-06-11T12:49:46.786175');

INSERT INTO public.reviews (business_id, user_id, overall_rating, title, review_text, product_quality_rating, selection_rating, staff_rating, price_rating, atmosphere_rating, status, helpful_count, created_at) VALUES
('mrbudz-cannabis-shop', '4d492ab0-3f2c-4c63-bbdb-67498516da06', 5, 'Dobrý výběr produktů', 'Příjemné prostředí, milý personál a kvalitní produkty. Co víc si přát? Určitě se vrátím.', 5, 5, 5, 5, 4, 'approved', 9, '2025-09-29T12:49:46.786183');

INSERT INTO public.reviews (business_id, user_id, overall_rating, title, review_text, product_quality_rating, selection_rating, staff_rating, price_rating, atmosphere_rating, status, helpful_count, created_at) VALUES
('coffeeshop-hempo', '58f4f375-cdc8-4cd0-8355-f1d9e4675a99', 5, 'Profesionální přístup', 'Skvělý obchod s širokým výběrem CBD produktů. Obsluha je profesionální a dokáže poradit s výběrem. Prostředí je příjemné a čisté. Doporučuji!', 5, 4, 5, 4, 5, 'approved', 2, '2025-07-25T12:49:46.786191');

INSERT INTO public.reviews (business_id, user_id, overall_rating, title, review_text, product_quality_rating, selection_rating, staff_rating, price_rating, atmosphere_rating, status, helpful_count, created_at) VALUES
('original-cbd-shop', '2e18e416-b6cc-4f28-9ce3-2d3dd3aed1dc', 2, 'Perfektní zkušenost', 'Obchod je čistý, ale personál není vždy příjemný. Produkty jsou v pořádku, ale nic extra.', 3, 2, 3, 2, 2, 'approved', 0, '2025-08-13T12:49:46.786199');

INSERT INTO public.reviews (business_id, user_id, overall_rating, title, review_text, product_quality_rating, selection_rating, staff_rating, price_rating, atmosphere_rating, status, helpful_count, created_at) VALUES
('mrbudz-cannabis-shop', 'd4b56900-3521-442e-bfcc-738154f72e85', 4, 'Čisté a upravené', 'Jeden z nejlepších CBD obchodů, které jsem navštívil. Široký sortiment, kvalitní produkty a profesionální přístup.', 3, 5, 4, 4, 5, 'approved', 9, '2025-09-20T12:49:46.786208');

INSERT INTO public.reviews (business_id, user_id, overall_rating, title, review_text, product_quality_rating, selection_rating, staff_rating, price_rating, atmosphere_rating, status, helpful_count, created_at) VALUES
('konopex-market', 'ac8ed421-1add-482a-a75c-23365a0b1427', 5, 'Férové ceny', 'Skvělá zkušenost! Personál je velmi vstřícný a ochotný vysvětlit vše o produktech. Ceny jsou rozumné a kvalita výborná.', 5, 4, 4, 4, 5, 'approved', 15, '2025-10-07T12:49:46.786216');

INSERT INTO public.reviews (business_id, user_id, overall_rating, title, review_text, product_quality_rating, selection_rating, staff_rating, price_rating, atmosphere_rating, status, helpful_count, created_at) VALUES
('bella-hemp-praha', 'cf255904-dc84-458b-9b59-372108aa411d', 5, 'Kvalitní sortiment', 'Velmi spokojený s nákupem. Personál je znalý a ochotný poradit. Produkty jsou kvalitní.', 5, 5, 4, 5, 4, 'approved', 4, '2024-11-06T12:49:46.786225');

INSERT INTO public.reviews (business_id, user_id, overall_rating, title, review_text, product_quality_rating, selection_rating, staff_rating, price_rating, atmosphere_rating, status, helpful_count, created_at) VALUES
('kratom-world-václavské-náměstí', '430bf78a-90ad-4e37-ab86-7384797eda3a', 4, 'Solidní obchod', 'Příjemné prostředí, milý personál a kvalitní produkty. Co víc si přát? Určitě se vrátím.', 3, 4, 5, 3, 5, 'approved', 8, '2025-09-15T12:49:46.786233');

INSERT INTO public.reviews (business_id, user_id, overall_rating, title, review_text, product_quality_rating, selection_rating, staff_rating, price_rating, atmosphere_rating, status, helpful_count, created_at) VALUES
('legalni-konopicz', '79885743-d97e-4d03-8640-33cfd5437570', 4, 'Férové ceny', 'Perfektní místo pro nákup CBD produktů. Atmosféra je příjemná, personál profesionální a produkty kvalitní. Jsem velmi spokojený.', 4, 4, 3, 4, 4, 'approved', 12, '2024-12-14T12:49:46.786244');

INSERT INTO public.reviews (business_id, user_id, overall_rating, title, review_text, product_quality_rating, selection_rating, staff_rating, price_rating, atmosphere_rating, status, helpful_count, created_at) VALUES
('cannabis-store', '5971d4e4-6878-4c6a-bfca-9147eb613f4b', 5, 'Profesionální přístup', 'Navštívil jsem tento obchod poprvé a byl jsem mile překvapen. Personál je velmi vstřícný a ochotný poradit. Produkty jsou kvalitní a ceny přijatelné. Určitě se vrátím.', 5, 4, 5, 4, 5, 'approved', 9, '2025-01-02T12:49:46.786254');

INSERT INTO public.reviews (business_id, user_id, overall_rating, title, review_text, product_quality_rating, selection_rating, staff_rating, price_rating, atmosphere_rating, status, helpful_count, created_at) VALUES
('cbdsvetcz-chomutov', '837cb2c8-91d9-403b-aa5c-4764846e7c7c', 5, 'Velmi spokojený zákazník', 'Příjemné prostředí, milý personál a kvalitní produkty. Co víc si přát? Určitě se vrátím.', 5, 4, 5, 4, 4, 'approved', 15, '2025-04-05T12:49:46.786266');

INSERT INTO public.reviews (business_id, user_id, overall_rating, title, review_text, product_quality_rating, selection_rating, staff_rating, price_rating, atmosphere_rating, status, helpful_count, created_at) VALUES
('cbdsvetcz-liberec', '9e55edb6-3909-44c3-9cc7-cff519927a7a', 5, 'Doporučuji všem', 'Skvělý obchod s CBD produkty. Personál je velmi profesionální a vždy ochotný pomoci. Kvalita produktů je vynikající.', 5, 4, 5, 4, 4, 'approved', 12, '2025-01-14T12:49:46.786276');

INSERT INTO public.reviews (business_id, user_id, overall_rating, title, review_text, product_quality_rating, selection_rating, staff_rating, price_rating, atmosphere_rating, status, helpful_count, created_at) VALUES
('bella-hemp-praha', '896a32aa-8874-421c-b657-c24eef6fa930', 3, 'Spokojenost', 'Docela dobrý obchod. Personál je milý, ale někdy musíte chvíli čekat. Produkty jsou kvalitní.', 2, 3, 3, 3, 2, 'approved', 3, '2024-12-02T12:49:46.786287');

INSERT INTO public.reviews (business_id, user_id, overall_rating, title, review_text, product_quality_rating, selection_rating, staff_rating, price_rating, atmosphere_rating, status, helpful_count, created_at) VALUES
('cannabis-store', '3ab4c9a5-bfdc-465c-92ea-0a315c484106', 3, 'Rychlá a spolehlivá služba', 'Solidní obchod s CBD produkty. Nic špatného, ale ani nic výjimečného. Personál je v pohodě.', 4, 3, 4, 3, 2, 'approved', 3, '2025-04-15T12:49:46.786295');

INSERT INTO public.reviews (business_id, user_id, overall_rating, title, review_text, product_quality_rating, selection_rating, staff_rating, price_rating, atmosphere_rating, status, helpful_count, created_at) VALUES
('konopol-brno', 'a5ad2833-f440-428b-b06a-82bd3960a01c', 5, 'Solidní obchod', 'Perfektní místo pro nákup CBD. Široký výběr, dobré ceny a profesionální obsluha.', 5, 5, 5, 5, 5, 'approved', 5, '2024-12-20T12:49:46.786304');

INSERT INTO public.reviews (business_id, user_id, overall_rating, title, review_text, product_quality_rating, selection_rating, staff_rating, price_rating, atmosphere_rating, status, helpful_count, created_at) VALUES
('cbdsvetcz-chomutov', 'c2ad1340-c60b-4f7f-96f5-7708151c4809', 3, 'Příjemná atmosféra', 'Docela dobrý obchod. Personál je milý, ale někdy musíte chvíli čekat. Produkty jsou kvalitní.', 4, 4, 2, 2, 3, 'approved', 2, '2025-03-22T12:49:46.786314');

INSERT INTO public.reviews (business_id, user_id, overall_rating, title, review_text, product_quality_rating, selection_rating, staff_rating, price_rating, atmosphere_rating, status, helpful_count, created_at) VALUES
('coffeeshop-hempo', '094915c4-0bc8-4964-ad81-1d7c5fce794e', 5, 'Rychlá a spolehlivá služba', 'Jsem pravidelný zákazník a mohu jen doporučit. Kvalita produktů je vždy vysoká a personál je příjemný.', 5, 4, 4, 5, 4, 'approved', 6, '2025-07-30T12:49:46.786323');

INSERT INTO public.reviews (business_id, user_id, overall_rating, title, review_text, product_quality_rating, selection_rating, staff_rating, price_rating, atmosphere_rating, status, helpful_count, created_at) VALUES
('cbd-premium', 'cc40ec19-4ae3-4c5e-a3e9-52a0a5123d54', 2, 'Milý personál', 'Obchod je čistý, ale personál není vždy příjemný. Produkty jsou v pořádku, ale nic extra.', 3, 2, 2, 2, 2, 'approved', 2, '2024-12-15T12:49:46.786330');

INSERT INTO public.reviews (business_id, user_id, overall_rating, title, review_text, product_quality_rating, selection_rating, staff_rating, price_rating, atmosphere_rating, status, helpful_count, created_at) VALUES
('kratom-world-václavské-náměstí', '0af6ae36-e81b-4b7e-b198-8e3dacb08a7b', 4, 'Široký sortiment', 'Obchod je čistý a personál slušný. Ceny jsou trochu vyšší, než jsem čekal, ale kvalita je dobrá.', 5, 4, 5, 4, 5, 'approved', 12, '2025-03-05T12:49:46.786336');

INSERT INTO public.reviews (business_id, user_id, overall_rating, title, review_text, product_quality_rating, selection_rating, staff_rating, price_rating, atmosphere_rating, status, helpful_count, created_at) VALUES
('mrbudz-cannabis-shop', '2fef94b5-80c8-454e-ae5e-ad781db30054', 5, 'Vrátím se znovu', 'Perfektní místo pro nákup CBD. Široký výběr, dobré ceny a profesionální obsluha.', 5, 4, 4, 4, 4, 'approved', 2, '2024-10-26T12:49:46.786342');

INSERT INTO public.reviews (business_id, user_id, overall_rating, title, review_text, product_quality_rating, selection_rating, staff_rating, price_rating, atmosphere_rating, status, helpful_count, created_at) VALUES
('kratom-world-václavské-náměstí', '4ccd3bc6-80fe-4fdd-9d30-764670a86d49', 5, 'Velmi spokojený zákazník', 'Skvělý obchod s širokým výběrem CBD produktů. Obsluha je profesionální a dokáže poradit s výběrem. Prostředí je příjemné a čisté. Doporučuji!', 5, 4, 5, 5, 4, 'approved', 14, '2025-03-22T12:49:46.786350');

INSERT INTO public.reviews (business_id, user_id, overall_rating, title, review_text, product_quality_rating, selection_rating, staff_rating, price_rating, atmosphere_rating, status, helpful_count, created_at) VALUES
('konopex-market', '12ea0be1-b881-4d80-a80e-9aa73663f009', 5, 'Vrátím se znovu', 'Velmi spokojený s nákupem. Personál je znalý a ochotný poradit. Produkty jsou kvalitní.', 5, 5, 5, 4, 5, 'approved', 8, '2025-09-29T12:49:46.786356');

INSERT INTO public.reviews (business_id, user_id, overall_rating, title, review_text, product_quality_rating, selection_rating, staff_rating, price_rating, atmosphere_rating, status, helpful_count, created_at) VALUES
('kratom-world-václavské-náměstí', 'ef9aca67-22f5-468a-b61b-e65fd728aea4', 4, 'Dobrý výběr produktů', 'Perfektní místo pro nákup CBD produktů. Atmosféra je příjemná, personál profesionální a produkty kvalitní. Jsem velmi spokojený.', 4, 4, 4, 3, 3, 'approved', 11, '2025-04-02T12:49:46.786361');

INSERT INTO public.reviews (business_id, user_id, overall_rating, title, review_text, product_quality_rating, selection_rating, staff_rating, price_rating, atmosphere_rating, status, helpful_count, created_at) VALUES
('kratom-world-václavské-náměstí', 'f3264b20-8742-4d6a-ab34-a06b79fa5e63', 5, 'Profesionální přístup', 'Velmi spokojený s nákupem. Personál je znalý a ochotný poradit. Produkty jsou kvalitní.', 5, 4, 4, 4, 5, 'approved', 3, '2025-08-04T12:49:46.786367');

INSERT INTO public.reviews (business_id, user_id, overall_rating, title, review_text, product_quality_rating, selection_rating, staff_rating, price_rating, atmosphere_rating, status, helpful_count, created_at) VALUES
('bella-hemp-praha', '70287ed4-a607-4829-b9a1-5b9322b4e889', 3, 'Široký sortiment', 'Průměrná zkušenost. Produkty jsou v pořádku, ale výběr by mohl být širší. Personál je ochotný.', 4, 2, 4, 3, 2, 'approved', 3, '2025-09-19T12:49:46.786372');

INSERT INTO public.reviews (business_id, user_id, overall_rating, title, review_text, product_quality_rating, selection_rating, staff_rating, price_rating, atmosphere_rating, status, helpful_count, created_at) VALUES
('kratom-world-václavské-náměstí', '3b62679e-dc32-4edf-a337-cc93b7390503', 4, 'Rychlá a spolehlivá služba', 'Skvělá zkušenost! Personál je velmi vstřícný a ochotný vysvětlit vše o produktech. Ceny jsou rozumné a kvalita výborná.', 3, 5, 5, 3, 3, 'approved', 14, '2025-02-26T12:49:46.786378');

INSERT INTO public.reviews (business_id, user_id, overall_rating, title, review_text, product_quality_rating, selection_rating, staff_rating, price_rating, atmosphere_rating, status, helpful_count, created_at) VALUES
('konopol-brno', '7ddecf11-1e7e-4c0d-aede-8dd70319b8bf', 5, 'Průměrná zkušenost', 'Skvělý obchod s širokým výběrem CBD produktů. Obsluha je profesionální a dokáže poradit s výběrem. Prostředí je příjemné a čisté. Doporučuji!', 5, 4, 4, 5, 5, 'approved', 9, '2025-03-18T12:49:46.786385');

INSERT INTO public.reviews (business_id, user_id, overall_rating, title, review_text, product_quality_rating, selection_rating, staff_rating, price_rating, atmosphere_rating, status, helpful_count, created_at) VALUES
('cbd-premium', '38e99461-9332-4ed4-8130-ec895f9876ef', 5, 'Příjemná atmosféra', 'Už několikrát jsem zde nakupoval a vždy jsem byl spokojený. Kvalita produktů je výborná a ceny jsou férové. Personál je milý a ochotný.', 5, 5, 4, 4, 4, 'approved', 14, '2024-11-28T12:49:46.786390');

INSERT INTO public.reviews (business_id, user_id, overall_rating, title, review_text, product_quality_rating, selection_rating, staff_rating, price_rating, atmosphere_rating, status, helpful_count, created_at) VALUES
('cannabis-store', '7a1840e0-954e-49ed-be4c-fa77bfc96125', 5, 'Kvalitní CBD produkty', 'Skvělý obchod s CBD produkty. Personál je velmi profesionální a vždy ochotný pomoci. Kvalita produktů je vynikající.', 5, 5, 4, 5, 5, 'approved', 5, '2025-03-07T12:49:46.786396');

INSERT INTO public.reviews (business_id, user_id, overall_rating, title, review_text, product_quality_rating, selection_rating, staff_rating, price_rating, atmosphere_rating, status, helpful_count, created_at) VALUES
('greenhouse-prague', 'd5d8bce4-2cf8-4d5e-8f65-a61ffe3cc492', 4, 'Vrátím se znovu', 'Solidní místo pro nákup CBD. Nic extra, ale splňuje účel. Personál je v pohodě.', 4, 5, 3, 3, 3, 'approved', 14, '2025-05-22T12:49:46.786401');

INSERT INTO public.reviews (business_id, user_id, overall_rating, title, review_text, product_quality_rating, selection_rating, staff_rating, price_rating, atmosphere_rating, status, helpful_count, created_at) VALUES
('cbdsvetcz-chomutov', '62b36911-db5b-4a73-b25e-a22f69949b66', 3, 'Průměrná zkušenost', 'Obchod je v pořádku. Personál je slušný, ale ne vždy dostupný. Produkty jsou kvalitní.', 4, 2, 3, 2, 2, 'approved', 2, '2025-05-03T12:49:46.786410');

INSERT INTO public.reviews (business_id, user_id, overall_rating, title, review_text, product_quality_rating, selection_rating, staff_rating, price_rating, atmosphere_rating, status, helpful_count, created_at) VALUES
('cbdsvetcz-chomutov', '6557c568-f880-484e-a0e2-97ffdc265572', 3, 'Velmi spokojený zákazník', 'Průměrný obchod. Produkty jsou v pořádku, ale výběr by mohl být lepší. Ceny jsou standardní.', 2, 2, 4, 2, 3, 'approved', 0, '2024-10-22T12:49:46.786416');

INSERT INTO public.reviews (business_id, user_id, overall_rating, title, review_text, product_quality_rating, selection_rating, staff_rating, price_rating, atmosphere_rating, status, helpful_count, created_at) VALUES
('hempa', '5eca26b8-9e0b-49d5-80fa-536351ae5df4', 4, 'Perfektní zkušenost', 'Jsem pravidelný zákazník a mohu jen doporučit. Kvalita produktů je vždy vysoká a personál je příjemný.', 5, 5, 5, 4, 3, 'approved', 9, '2025-07-29T12:49:46.786422');

INSERT INTO public.reviews (business_id, user_id, overall_rating, title, review_text, product_quality_rating, selection_rating, staff_rating, price_rating, atmosphere_rating, status, helpful_count, created_at) VALUES
('breezh', 'a660b701-227e-49a7-aec5-86ae0ec838ba', 4, 'Široký sortiment', 'Docela dobrý obchod. Personál je milý, ale někdy musíte chvíli čekat. Produkty jsou kvalitní.', 4, 4, 4, 4, 5, 'approved', 8, '2025-03-30T12:49:46.786428');

INSERT INTO public.reviews (business_id, user_id, overall_rating, title, review_text, product_quality_rating, selection_rating, staff_rating, price_rating, atmosphere_rating, status, helpful_count, created_at) VALUES
('cbdsvetcz-liberec', '50132579-dfc1-4337-95b8-e0d0048276ec', 4, 'Vrátím se znovu', 'Příjemné prostředí, milý personál a kvalitní produkty. Co víc si přát? Určitě se vrátím.', 3, 4, 4, 4, 4, 'approved', 8, '2025-02-02T12:49:46.786434');

INSERT INTO public.reviews (business_id, user_id, overall_rating, title, review_text, product_quality_rating, selection_rating, staff_rating, price_rating, atmosphere_rating, status, helpful_count, created_at) VALUES
('bella-hemp-praha', '65a3b9c2-acb3-441f-ba5e-3ed54faae7ac', 5, 'Kvalitní sortiment', 'Skvělá zkušenost! Personál je velmi vstřícný a ochotný vysvětlit vše o produktech. Ceny jsou rozumné a kvalita výborná.', 5, 4, 5, 5, 5, 'approved', 0, '2025-06-29T12:49:46.786440');

INSERT INTO public.reviews (business_id, user_id, overall_rating, title, review_text, product_quality_rating, selection_rating, staff_rating, price_rating, atmosphere_rating, status, helpful_count, created_at) VALUES
('original-cbd-shop', 'cd73bb78-7ae1-4a05-a47f-f9e570472dc6', 3, 'Dobré zkušenosti', 'Průměrný obchod. Produkty jsou v pořádku, ale výběr by mohl být lepší. Ceny jsou standardní.', 2, 3, 4, 2, 3, 'approved', 3, '2025-02-11T12:49:46.786446');

INSERT INTO public.reviews (business_id, user_id, overall_rating, title, review_text, product_quality_rating, selection_rating, staff_rating, price_rating, atmosphere_rating, status, helpful_count, created_at) VALUES
('kratom-world-kladno', 'c246599e-c1e0-400e-bec7-d08b52376c47', 5, 'Mohlo by být lepší', 'Příjemné prostředí, milý personál a kvalitní produkty. Co víc si přát? Určitě se vrátím.', 5, 5, 4, 5, 5, 'approved', 10, '2024-11-27T12:49:46.786452');

INSERT INTO public.reviews (business_id, user_id, overall_rating, title, review_text, product_quality_rating, selection_rating, staff_rating, price_rating, atmosphere_rating, status, helpful_count, created_at) VALUES
('cannabis-store', '349013a0-6f0c-4c0f-abce-43b34d777aad', 5, 'Průměrná zkušenost', 'Navštěvuji tento obchod pravidelně a nikdy jsem nebyl zklamán. Kvalita produktů je konzistentní a obsluha vždy příjemná.', 5, 5, 5, 4, 4, 'approved', 3, '2025-08-27T12:49:46.786457');

INSERT INTO public.reviews (business_id, user_id, overall_rating, title, review_text, product_quality_rating, selection_rating, staff_rating, price_rating, atmosphere_rating, status, helpful_count, created_at) VALUES
('kratom-world-václavské-náměstí', '61c0439a-37cf-444c-bac4-749bd3b73c57', 5, 'Kvalitní CBD produkty', 'Navštívil jsem tento obchod poprvé a byl jsem mile překvapen. Personál je velmi vstřícný a ochotný poradit. Produkty jsou kvalitní a ceny přijatelné. Určitě se vrátím.', 5, 5, 4, 4, 5, 'approved', 11, '2025-05-17T12:49:46.786462');

INSERT INTO public.reviews (business_id, user_id, overall_rating, title, review_text, product_quality_rating, selection_rating, staff_rating, price_rating, atmosphere_rating, status, helpful_count, created_at) VALUES
('euphoria', 'd60975af-ea90-44b0-85c0-642201e8de11', 5, 'Perfektní zkušenost', 'Navštěvuji tento obchod pravidelně a nikdy jsem nebyl zklamán. Kvalita produktů je konzistentní a obsluha vždy příjemná.', 5, 5, 5, 5, 4, 'approved', 4, '2025-07-16T12:49:46.786471');

INSERT INTO public.reviews (business_id, user_id, overall_rating, title, review_text, product_quality_rating, selection_rating, staff_rating, price_rating, atmosphere_rating, status, helpful_count, created_at) VALUES
('hempa', 'f0976191-04b9-4cb9-94d1-a7548a95519d', 5, 'Skvělé produkty a obsluha', 'Navštívil jsem tento obchod poprvé a byl jsem mile překvapen. Personál je velmi vstřícný a ochotný poradit. Produkty jsou kvalitní a ceny přijatelné. Určitě se vrátím.', 5, 4, 4, 4, 5, 'approved', 2, '2025-02-05T12:49:46.786476');

INSERT INTO public.reviews (business_id, user_id, overall_rating, title, review_text, product_quality_rating, selection_rating, staff_rating, price_rating, atmosphere_rating, status, helpful_count, created_at) VALUES
('canna-roomz', '2a66fdac-b390-4ebf-a07d-821875925b14', 4, 'Spokojenost', 'Jsem pravidelný zákazník a mohu jen doporučit. Kvalita produktů je vždy vysoká a personál je příjemný.', 4, 4, 3, 4, 4, 'approved', 14, '2025-02-11T12:49:46.786482');

INSERT INTO public.reviews (business_id, user_id, overall_rating, title, review_text, product_quality_rating, selection_rating, staff_rating, price_rating, atmosphere_rating, status, helpful_count, created_at) VALUES
('cbdsvetcz-olomouc', '4cd80af6-44e3-4c57-b90a-26d32e87522e', 4, 'Kvalitní sortiment', 'Navštěvuji tento obchod pravidelně a nikdy jsem nebyl zklamán. Kvalita produktů je konzistentní a obsluha vždy příjemná.', 5, 5, 5, 3, 5, 'approved', 9, '2024-10-22T12:49:46.786488');

INSERT INTO public.reviews (business_id, user_id, overall_rating, title, review_text, product_quality_rating, selection_rating, staff_rating, price_rating, atmosphere_rating, status, helpful_count, created_at) VALUES
('cannabis-store', 'a024450a-bdd5-4827-bcb4-2b3f8dc90d68', 4, 'Nejlepší CBD obchod v okolí', 'Skvělý obchod s širokým výběrem CBD produktů. Obsluha je profesionální a dokáže poradit s výběrem. Prostředí je příjemné a čisté. Doporučuji!', 4, 4, 5, 3, 5, 'approved', 6, '2025-03-15T12:49:46.786493');

INSERT INTO public.reviews (business_id, user_id, overall_rating, title, review_text, product_quality_rating, selection_rating, staff_rating, price_rating, atmosphere_rating, status, helpful_count, created_at) VALUES
('breezh', 'b5e52e07-81c7-4527-aee6-e73939011efe', 2, 'Perfektní zkušenost', 'Obchod je v pořádku, ale ceny jsou trochu vysoké. Personál je slušný, ale ne vždy ochotný poradit.', 2, 3, 3, 2, 2, 'approved', 3, '2025-07-23T12:49:46.786499');

INSERT INTO public.reviews (business_id, user_id, overall_rating, title, review_text, product_quality_rating, selection_rating, staff_rating, price_rating, atmosphere_rating, status, helpful_count, created_at) VALUES
('bonghemia-cannabis-shop', '0682f4e2-76b3-488e-bd16-9f0d0c3bdb62', 5, 'Milý personál', 'Velmi spokojený s nákupem. Personál je znalý a ochotný poradit. Produkty jsou kvalitní.', 5, 5, 5, 4, 5, 'approved', 15, '2024-12-22T12:49:46.786505');

INSERT INTO public.reviews (business_id, user_id, overall_rating, title, review_text, product_quality_rating, selection_rating, staff_rating, price_rating, atmosphere_rating, status, helpful_count, created_at) VALUES
('verasens', '4fd8624f-b70c-42bb-8d21-62460e6caeef', 5, 'Kvalitní sortiment', 'Velmi spokojený s nákupem. Personál je znalý a ochotný poradit. Produkty jsou kvalitní.', 5, 4, 4, 4, 4, 'approved', 14, '2025-08-30T12:49:46.786511');

INSERT INTO public.reviews (business_id, user_id, overall_rating, title, review_text, product_quality_rating, selection_rating, staff_rating, price_rating, atmosphere_rating, status, helpful_count, created_at) VALUES
('canna-roomz', '1c55c3c1-c41b-4f2c-b8ca-4e670913e62d', 4, 'Dobré zkušenosti', 'Obchod je čistý a personál slušný. Ceny jsou trochu vyšší, než jsem čekal, ale kvalita je dobrá.', 4, 3, 4, 4, 4, 'approved', 9, '2025-01-24T12:49:46.786517');

INSERT INTO public.reviews (business_id, user_id, overall_rating, title, review_text, product_quality_rating, selection_rating, staff_rating, price_rating, atmosphere_rating, status, helpful_count, created_at) VALUES
('cbdco', '0afec2b5-39cd-42b7-9bf7-b728b9b3d6a2', 4, 'Spokojenost', 'Skvělá zkušenost! Obchod je čistý, personál milý a produkty kvalitní. Doporučuji!', 3, 4, 4, 4, 4, 'approved', 12, '2025-09-23T12:49:46.786523');

INSERT INTO public.reviews (business_id, user_id, overall_rating, title, review_text, product_quality_rating, selection_rating, staff_rating, price_rating, atmosphere_rating, status, helpful_count, created_at) VALUES
('konopol-brno', '2006ec62-53a9-4cb7-9a3f-fe1a424a8da9', 5, 'Kvalitní CBD produkty', 'Už několikrát jsem zde nakupoval a vždy jsem byl spokojený. Kvalita produktů je výborná a ceny jsou férové. Personál je milý a ochotný.', 5, 5, 5, 4, 4, 'approved', 4, '2025-05-02T12:49:46.786531');

INSERT INTO public.reviews (business_id, user_id, overall_rating, title, review_text, product_quality_rating, selection_rating, staff_rating, price_rating, atmosphere_rating, status, helpful_count, created_at) VALUES
('greenhouse-prague', '35bc57e7-cca9-4483-b0f4-8012cfc985e5', 5, 'Vrátím se znovu', 'Skvělá zkušenost! Obchod je čistý, personál milý a produkty kvalitní. Doporučuji!', 5, 5, 5, 5, 5, 'approved', 9, '2025-04-12T12:49:46.786537');

INSERT INTO public.reviews (business_id, user_id, overall_rating, title, review_text, product_quality_rating, selection_rating, staff_rating, price_rating, atmosphere_rating, status, helpful_count, created_at) VALUES
('konopex-market', '45b169f7-bb4c-4a89-8e8f-4af14d9fb5d9', 4, 'Milý personál', 'Skvělá zkušenost! Obchod je čistý, personál milý a produkty kvalitní. Doporučuji!', 3, 4, 5, 4, 3, 'approved', 4, '2025-03-15T12:49:46.786542');

INSERT INTO public.reviews (business_id, user_id, overall_rating, title, review_text, product_quality_rating, selection_rating, staff_rating, price_rating, atmosphere_rating, status, helpful_count, created_at) VALUES
('cbdsvetcz-liberec', '30edf6d7-c1e0-49a9-b81a-db8baaf10580', 3, 'Příjemná atmosféra', 'Průměrný obchod. Produkty jsou v pořádku, ale výběr by mohl být lepší. Ceny jsou standardní.', 4, 3, 2, 3, 3, 'approved', 0, '2025-06-20T12:49:46.786548');

INSERT INTO public.reviews (business_id, user_id, overall_rating, title, review_text, product_quality_rating, selection_rating, staff_rating, price_rating, atmosphere_rating, status, helpful_count, created_at) VALUES
('konopex-market', '6b6e19f5-dc64-43b1-bcad-b4d9e9228182', 5, 'Široký sortiment', 'Velmi spokojený s nákupem. Personál je znalý a ochotný poradit. Produkty jsou kvalitní.', 5, 4, 5, 4, 4, 'approved', 1, '2025-04-18T12:49:46.786556');

INSERT INTO public.reviews (business_id, user_id, overall_rating, title, review_text, product_quality_rating, selection_rating, staff_rating, price_rating, atmosphere_rating, status, helpful_count, created_at) VALUES
('bonghemia-cannabis-shop', 'ab994e65-8154-4329-9d58-4c0f88432e23', 4, 'Kvalitní CBD produkty', 'Navštívil jsem tento obchod poprvé a byl jsem mile překvapen. Personál je velmi vstřícný a ochotný poradit. Produkty jsou kvalitní a ceny přijatelné. Určitě se vrátím.', 4, 3, 4, 4, 4, 'approved', 5, '2025-04-10T12:49:46.786561');

INSERT INTO public.reviews (business_id, user_id, overall_rating, title, review_text, product_quality_rating, selection_rating, staff_rating, price_rating, atmosphere_rating, status, helpful_count, created_at) VALUES
('bella-hemp-praha', 'ae283e46-34db-4599-b7ff-a3a35ac9d504', 5, 'Kvalitní CBD produkty', 'Perfektní místo pro nákup CBD produktů. Atmosféra je příjemná, personál profesionální a produkty kvalitní. Jsem velmi spokojený.', 5, 5, 5, 5, 5, 'approved', 3, '2025-08-14T12:49:46.786567');

INSERT INTO public.reviews (business_id, user_id, overall_rating, title, review_text, product_quality_rating, selection_rating, staff_rating, price_rating, atmosphere_rating, status, helpful_count, created_at) VALUES
('breezh', '1a057b36-350a-4526-bde5-aeae1e09baa7', 5, 'Doporučuji všem', 'Skvělá zkušenost! Obchod je čistý, personál milý a produkty kvalitní. Doporučuji!', 5, 4, 4, 5, 4, 'approved', 4, '2024-12-17T12:49:46.786572');

INSERT INTO public.reviews (business_id, user_id, overall_rating, title, review_text, product_quality_rating, selection_rating, staff_rating, price_rating, atmosphere_rating, status, helpful_count, created_at) VALUES
('kratom-world-václavské-náměstí', '98730933-8723-4675-b12d-2c490a944a22', 4, 'Spokojenost', 'Obchod je čistý a personál slušný. Ceny jsou trochu vyšší, než jsem čekal, ale kvalita je dobrá.', 5, 3, 4, 3, 4, 'approved', 1, '2025-05-20T12:49:46.786578');

INSERT INTO public.reviews (business_id, user_id, overall_rating, title, review_text, product_quality_rating, selection_rating, staff_rating, price_rating, atmosphere_rating, status, helpful_count, created_at) VALUES
('breezh', 'd3046a10-035c-4ecb-b8ec-c7700c75dbab', 4, 'Profesionální přístup', 'Jsem pravidelný zákazník a mohu jen doporučit. Kvalita produktů je vždy vysoká a personál je příjemný.', 4, 4, 3, 3, 5, 'approved', 12, '2025-08-11T12:49:46.786583');

INSERT INTO public.reviews (business_id, user_id, overall_rating, title, review_text, product_quality_rating, selection_rating, staff_rating, price_rating, atmosphere_rating, status, helpful_count, created_at) VALUES
('breezh', '2faa49af-40a5-4262-8f72-049c20a96f57', 5, 'Milý personál', 'Navštívil jsem tento obchod poprvé a byl jsem mile překvapen. Personál je velmi vstřícný a ochotný poradit. Produkty jsou kvalitní a ceny přijatelné. Určitě se vrátím.', 5, 4, 5, 4, 5, 'approved', 14, '2025-10-01T12:49:46.786592');

INSERT INTO public.reviews (business_id, user_id, overall_rating, title, review_text, product_quality_rating, selection_rating, staff_rating, price_rating, atmosphere_rating, status, helpful_count, created_at) VALUES
('cbd-premium', 'ad89fcea-b025-41f8-b7d4-647d073524de', 5, 'Férové ceny', 'Skvělá zkušenost! Obchod je čistý, personál milý a produkty kvalitní. Doporučuji!', 5, 4, 5, 5, 4, 'approved', 6, '2025-03-13T12:49:46.786598');

INSERT INTO public.reviews (business_id, user_id, overall_rating, title, review_text, product_quality_rating, selection_rating, staff_rating, price_rating, atmosphere_rating, status, helpful_count, created_at) VALUES
('legalni-konopicz', 'bad177c4-96ea-460c-bc42-70fdcf92ce02', 4, 'Dobré zkušenosti', 'Navštívil jsem tento obchod poprvé a byl jsem mile překvapen. Personál je velmi vstřícný a ochotný poradit. Produkty jsou kvalitní a ceny přijatelné. Určitě se vrátím.', 3, 5, 5, 4, 5, 'approved', 10, '2025-04-13T12:49:46.786603');

